timestamp,run_id,agent_id,ladder,run,status,error,traceback,logs,project_directory,commit_url,branch_name,override_model,strong_completion_model,base_chat_completion_model,fast_chat_completion_model,strong_coding_completion_model
2024-10-25 13:06:53,9cada6a0-7dc6-4a19-8645-bc3152639ec2,OneShotView,creature_battler_01,1,success,,,['new_prompt_logs/999861_493249_OneShotView'],ladder_view/creature_battler_01_1/main_game,https://github.com/volter-ai/volter-monorepo/blob/6a4bd1496e84a3047ef2899cf9a990eb40042504/packages/lib-volter-mge2/mge_agents/internal/one_shot_gen/one_shot_view.py,andrew/view_gen_fixes,,gpt-4o,claude-3-5-sonnet-20240620,gpt-4o-mini,claude-3-5-sonnet-20240620
2024-10-25 13:07:04,4b596ee0-ca06-4bbd-9287-3ef35c315003,OneShotView,creature_battler_01,7,success,,,['new_prompt_logs/999866_559565_OneShotView'],ladder_view/creature_battler_01_7/main_game,https://github.com/volter-ai/volter-monorepo/blob/6a4bd1496e84a3047ef2899cf9a990eb40042504/packages/lib-volter-mge2/mge_agents/internal/one_shot_gen/one_shot_view.py,andrew/view_gen_fixes,,gpt-4o,claude-3-5-sonnet-20240620,gpt-4o-mini,claude-3-5-sonnet-20240620
2024-10-25 13:07:08,8e90e956-d5fc-4cf5-add9-9480bd232930,OneShotView,creature_battler_01,5,success,,,['new_prompt_logs/999860_420951_OneShotView'],ladder_view/creature_battler_01_5/main_game,https://github.com/volter-ai/volter-monorepo/blob/6a4bd1496e84a3047ef2899cf9a990eb40042504/packages/lib-volter-mge2/mge_agents/internal/one_shot_gen/one_shot_view.py,andrew/view_gen_fixes,,gpt-4o,claude-3-5-sonnet-20240620,gpt-4o-mini,claude-3-5-sonnet-20240620
2024-10-25 13:07:17,05a9dd1e-7fad-43f7-9aef-d002040ba4c1,OneShotView,creature_battler_02,3,success,,,['new_prompt_logs/999864_260260_OneShotView'],ladder_view/creature_battler_02_3/main_game,https://github.com/volter-ai/volter-monorepo/blob/6a4bd1496e84a3047ef2899cf9a990eb40042504/packages/lib-volter-mge2/mge_agents/internal/one_shot_gen/one_shot_view.py,andrew/view_gen_fixes,,gpt-4o,claude-3-5-sonnet-20240620,gpt-4o-mini,claude-3-5-sonnet-20240620
2024-10-25 13:07:20,3fa3e9b1-19bf-4a75-94a1-c6492b676de3,OneShotView,creature_battler_02,1,success,,,['new_prompt_logs/999862_768835_OneShotView'],ladder_view/creature_battler_02_1/main_game,https://github.com/volter-ai/volter-monorepo/blob/6a4bd1496e84a3047ef2899cf9a990eb40042504/packages/lib-volter-mge2/mge_agents/internal/one_shot_gen/one_shot_view.py,andrew/view_gen_fixes,,gpt-4o,claude-3-5-sonnet-20240620,gpt-4o-mini,claude-3-5-sonnet-20240620
2024-10-25 13:07:34,cd7afabd-43a7-4d26-b263-5f8903649903,OneShotView,creature_battler_01,4,success,,,['new_prompt_logs/999868_651485_OneShotView'],ladder_view/creature_battler_01_4/main_game,https://github.com/volter-ai/volter-monorepo/blob/6a4bd1496e84a3047ef2899cf9a990eb40042504/packages/lib-volter-mge2/mge_agents/internal/one_shot_gen/one_shot_view.py,andrew/view_gen_fixes,,gpt-4o,claude-3-5-sonnet-20240620,gpt-4o-mini,claude-3-5-sonnet-20240620
2024-10-25 13:07:41,5aade8b5-0710-4d6e-bf22-9161e982880d,OneShotView,creature_battler_01,6,success,,,['new_prompt_logs/999858_450149_OneShotView'],ladder_view/creature_battler_01_6/main_game,https://github.com/volter-ai/volter-monorepo/blob/6a4bd1496e84a3047ef2899cf9a990eb40042504/packages/lib-volter-mge2/mge_agents/internal/one_shot_gen/one_shot_view.py,andrew/view_gen_fixes,,gpt-4o,claude-3-5-sonnet-20240620,gpt-4o-mini,claude-3-5-sonnet-20240620
2024-10-25 13:07:45,c92e42d3-618f-4faf-8342-ec8109d5760d,OneShotView,creature_battler_02,5,success,,,['new_prompt_logs/999857_565531_OneShotView'],ladder_view/creature_battler_02_5/main_game,https://github.com/volter-ai/volter-monorepo/blob/6a4bd1496e84a3047ef2899cf9a990eb40042504/packages/lib-volter-mge2/mge_agents/internal/one_shot_gen/one_shot_view.py,andrew/view_gen_fixes,,gpt-4o,claude-3-5-sonnet-20240620,gpt-4o-mini,claude-3-5-sonnet-20240620
2024-10-25 13:07:51,8d938436-5a19-4feb-a30c-ed2bd700b394,OneShotView,creature_battler_02,4,success,,,['new_prompt_logs/999859_975082_OneShotView'],ladder_view/creature_battler_02_4/main_game,https://github.com/volter-ai/volter-monorepo/blob/6a4bd1496e84a3047ef2899cf9a990eb40042504/packages/lib-volter-mge2/mge_agents/internal/one_shot_gen/one_shot_view.py,andrew/view_gen_fixes,,gpt-4o,claude-3-5-sonnet-20240620,gpt-4o-mini,claude-3-5-sonnet-20240620
2024-10-25 13:08:08,30b81e73-7583-41a7-be39-4c455a9ea954,OneShotView,creature_battler_02,2,success,,,['new_prompt_logs/999863_394472_OneShotView'],ladder_view/creature_battler_02_2/main_game,https://github.com/volter-ai/volter-monorepo/blob/6a4bd1496e84a3047ef2899cf9a990eb40042504/packages/lib-volter-mge2/mge_agents/internal/one_shot_gen/one_shot_view.py,andrew/view_gen_fixes,,gpt-4o,claude-3-5-sonnet-20240620,gpt-4o-mini,claude-3-5-sonnet-20240620
2024-10-25 13:08:11,1b117f9a-ccbf-463f-bad0-ce5b500230db,OneShotView,creature_battler_01,2,success,,,['new_prompt_logs/999867_884879_OneShotView'],ladder_view/creature_battler_01_2/main_game,https://github.com/volter-ai/volter-monorepo/blob/6a4bd1496e84a3047ef2899cf9a990eb40042504/packages/lib-volter-mge2/mge_agents/internal/one_shot_gen/one_shot_view.py,andrew/view_gen_fixes,,gpt-4o,claude-3-5-sonnet-20240620,gpt-4o-mini,claude-3-5-sonnet-20240620
2024-10-25 13:08:50,280b44c8-0e22-463f-87e0-42202838e052,OneShotView,creature_battler_01,3,success,,,['new_prompt_logs/999865_804670_OneShotView'],ladder_view/creature_battler_01_3/main_game,https://github.com/volter-ai/volter-monorepo/blob/6a4bd1496e84a3047ef2899cf9a990eb40042504/packages/lib-volter-mge2/mge_agents/internal/one_shot_gen/one_shot_view.py,andrew/view_gen_fixes,,gpt-4o,claude-3-5-sonnet-20240620,gpt-4o-mini,claude-3-5-sonnet-20240620
2024-10-25 13:10:38,6cf0a71e-c77c-4052-a51c-4735430238e2,OneShotView,creature_battler_03,3,success,,,['new_prompt_logs/999862_768835_OneShotView'],ladder_view/creature_battler_03_3/main_game,https://github.com/volter-ai/volter-monorepo/blob/6a4bd1496e84a3047ef2899cf9a990eb40042504/packages/lib-volter-mge2/mge_agents/internal/one_shot_gen/one_shot_view.py,andrew/view_gen_fixes,,gpt-4o,claude-3-5-sonnet-20240620,gpt-4o-mini,claude-3-5-sonnet-20240620
2024-10-25 13:10:51,acf03112-fea1-4b56-a87a-665626783645,OneShotView,creature_battler_02,6,success,,,['new_prompt_logs/999861_493249_OneShotView'],ladder_view/creature_battler_02_6/main_game,https://github.com/volter-ai/volter-monorepo/blob/6a4bd1496e84a3047ef2899cf9a990eb40042504/packages/lib-volter-mge2/mge_agents/internal/one_shot_gen/one_shot_view.py,andrew/view_gen_fixes,,gpt-4o,claude-3-5-sonnet-20240620,gpt-4o-mini,claude-3-5-sonnet-20240620
2024-10-25 13:11:00,9a112f83-4555-4222-af69-3625e3fe39a3,OneShotView,creature_battler_02,7,success,,,['new_prompt_logs/999866_559565_OneShotView'],ladder_view/creature_battler_02_7/main_game,https://github.com/volter-ai/volter-monorepo/blob/6a4bd1496e84a3047ef2899cf9a990eb40042504/packages/lib-volter-mge2/mge_agents/internal/one_shot_gen/one_shot_view.py,andrew/view_gen_fixes,,gpt-4o,claude-3-5-sonnet-20240620,gpt-4o-mini,claude-3-5-sonnet-20240620
2024-10-25 13:11:05,36116407-4cde-4f02-b73c-b27f4842c6f2,OneShotView,creature_battler_03,4,success,,,['new_prompt_logs/999868_651485_OneShotView'],ladder_view/creature_battler_03_4/main_game,https://github.com/volter-ai/volter-monorepo/blob/6a4bd1496e84a3047ef2899cf9a990eb40042504/packages/lib-volter-mge2/mge_agents/internal/one_shot_gen/one_shot_view.py,andrew/view_gen_fixes,,gpt-4o,claude-3-5-sonnet-20240620,gpt-4o-mini,claude-3-5-sonnet-20240620
2024-10-25 13:11:16,24fe027c-11d1-4cf2-af1e-31f78fffa53e,OneShotView,creature_battler_03,1,success,,,['new_prompt_logs/999860_420951_OneShotView'],ladder_view/creature_battler_03_1/main_game,https://github.com/volter-ai/volter-monorepo/blob/6a4bd1496e84a3047ef2899cf9a990eb40042504/packages/lib-volter-mge2/mge_agents/internal/one_shot_gen/one_shot_view.py,andrew/view_gen_fixes,,gpt-4o,claude-3-5-sonnet-20240620,gpt-4o-mini,claude-3-5-sonnet-20240620
2024-10-25 13:11:20,34294385-c3e5-471e-9954-d0d7e1b0c74a,OneShotView,creature_battler_03,2,success,,,['new_prompt_logs/999864_260260_OneShotView'],ladder_view/creature_battler_03_2/main_game,https://github.com/volter-ai/volter-monorepo/blob/6a4bd1496e84a3047ef2899cf9a990eb40042504/packages/lib-volter-mge2/mge_agents/internal/one_shot_gen/one_shot_view.py,andrew/view_gen_fixes,,gpt-4o,claude-3-5-sonnet-20240620,gpt-4o-mini,claude-3-5-sonnet-20240620
2024-10-25 13:11:25,8dfc434e-8754-410d-88d0-2f5873c5e8cd,OneShotView,creature_battler_04,2,success,,,['new_prompt_logs/999867_884879_OneShotView'],ladder_view/creature_battler_04_2/main_game,https://github.com/volter-ai/volter-monorepo/blob/6a4bd1496e84a3047ef2899cf9a990eb40042504/packages/lib-volter-mge2/mge_agents/internal/one_shot_gen/one_shot_view.py,andrew/view_gen_fixes,,gpt-4o,claude-3-5-sonnet-20240620,gpt-4o-mini,claude-3-5-sonnet-20240620
2024-10-25 13:11:32,c04ee70e-7b54-46a5-87ba-1c690656d5c5,OneShotView,creature_battler_03,6,success,,,['new_prompt_logs/999857_565531_OneShotView'],ladder_view/creature_battler_03_6/main_game,https://github.com/volter-ai/volter-monorepo/blob/6a4bd1496e84a3047ef2899cf9a990eb40042504/packages/lib-volter-mge2/mge_agents/internal/one_shot_gen/one_shot_view.py,andrew/view_gen_fixes,,gpt-4o,claude-3-5-sonnet-20240620,gpt-4o-mini,claude-3-5-sonnet-20240620
2024-10-25 13:11:39,9b2de550-9086-43f0-8192-e883a173952b,OneShotView,creature_battler_03,5,success,,,['new_prompt_logs/999858_450149_OneShotView'],ladder_view/creature_battler_03_5/main_game,https://github.com/volter-ai/volter-monorepo/blob/6a4bd1496e84a3047ef2899cf9a990eb40042504/packages/lib-volter-mge2/mge_agents/internal/one_shot_gen/one_shot_view.py,andrew/view_gen_fixes,,gpt-4o,claude-3-5-sonnet-20240620,gpt-4o-mini,claude-3-5-sonnet-20240620
2024-10-25 13:11:48,4338b346-61fc-4ef1-8b8f-b298abde02e4,OneShotView,creature_battler_04,3,success,,,['new_prompt_logs/999865_804670_OneShotView'],ladder_view/creature_battler_04_3/main_game,https://github.com/volter-ai/volter-monorepo/blob/6a4bd1496e84a3047ef2899cf9a990eb40042504/packages/lib-volter-mge2/mge_agents/internal/one_shot_gen/one_shot_view.py,andrew/view_gen_fixes,,gpt-4o,claude-3-5-sonnet-20240620,gpt-4o-mini,claude-3-5-sonnet-20240620
2024-10-25 13:11:56,d31727b0-ea4c-4cdc-bcf3-098d096d6aa0,OneShotView,creature_battler_03,7,success,,,['new_prompt_logs/999859_975082_OneShotView'],ladder_view/creature_battler_03_7/main_game,https://github.com/volter-ai/volter-monorepo/blob/6a4bd1496e84a3047ef2899cf9a990eb40042504/packages/lib-volter-mge2/mge_agents/internal/one_shot_gen/one_shot_view.py,andrew/view_gen_fixes,,gpt-4o,claude-3-5-sonnet-20240620,gpt-4o-mini,claude-3-5-sonnet-20240620
2024-10-25 13:14:17,df1fe3a3-85e5-4c5b-8758-605811ec1aa3,OneShotView,creature_battler_04,5,success,,,['new_prompt_logs/999861_493249_OneShotView'],ladder_view/creature_battler_04_5/main_game,https://github.com/volter-ai/volter-monorepo/blob/6a4bd1496e84a3047ef2899cf9a990eb40042504/packages/lib-volter-mge2/mge_agents/internal/one_shot_gen/one_shot_view.py,andrew/view_gen_fixes,,gpt-4o,claude-3-5-sonnet-20240620,gpt-4o-mini,claude-3-5-sonnet-20240620
2024-10-25 13:14:26,2629138e-693e-4ce3-9735-a5a56b7d497a,OneShotView,creature_battler_05,3,success,,,['new_prompt_logs/999867_884879_OneShotView'],ladder_view/creature_battler_05_3/main_game,https://github.com/volter-ai/volter-monorepo/blob/6a4bd1496e84a3047ef2899cf9a990eb40042504/packages/lib-volter-mge2/mge_agents/internal/one_shot_gen/one_shot_view.py,andrew/view_gen_fixes,,gpt-4o,claude-3-5-sonnet-20240620,gpt-4o-mini,claude-3-5-sonnet-20240620
2024-10-25 13:14:50,49726633-7c5f-4886-99de-4803f4deed91,OneShotView,creature_battler_05,5,success,,,['new_prompt_logs/999858_450149_OneShotView'],ladder_view/creature_battler_05_5/main_game,https://github.com/volter-ai/volter-monorepo/blob/6a4bd1496e84a3047ef2899cf9a990eb40042504/packages/lib-volter-mge2/mge_agents/internal/one_shot_gen/one_shot_view.py,andrew/view_gen_fixes,,gpt-4o,claude-3-5-sonnet-20240620,gpt-4o-mini,claude-3-5-sonnet-20240620
2024-10-25 13:17:10,e23241a0-74cc-4bc1-8b73-ba9ea224582d,OneShotView,creature_battler_04,4,success,,,['new_prompt_logs/999862_768835_OneShotView'],ladder_view/creature_battler_04_4/main_game,https://github.com/volter-ai/volter-monorepo/blob/6a4bd1496e84a3047ef2899cf9a990eb40042504/packages/lib-volter-mge2/mge_agents/internal/one_shot_gen/one_shot_view.py,andrew/view_gen_fixes,,gpt-4o,claude-3-5-sonnet-20240620,gpt-4o-mini,claude-3-5-sonnet-20240620
2024-10-25 13:18:39,729f9a09-15c9-4765-86a3-db0968e2d956,OneShotView,creature_battler_05,4,success,,,['new_prompt_logs/999857_565531_OneShotView'],ladder_view/creature_battler_05_4/main_game,https://github.com/volter-ai/volter-monorepo/blob/6a4bd1496e84a3047ef2899cf9a990eb40042504/packages/lib-volter-mge2/mge_agents/internal/one_shot_gen/one_shot_view.py,andrew/view_gen_fixes,,gpt-4o,claude-3-5-sonnet-20240620,gpt-4o-mini,claude-3-5-sonnet-20240620
2024-10-25 13:21:38,2a91d6a6-e4ed-4c4e-a882-ef464072eab4,OneShotView,creature_battler_04,1,failure,"Detected Error - UI simulator appears to have failed: 
Error in main process: 364 | async function main() {
365 |     try {
366 |         await Promise.race([
367 |             simulateGameplay(gameUrl),
368 |             new Promise((_, reject) => setTimeout(() => {
369 |                 reject(new Error(`Timeout after ${RUN_TIMEOUT / 1000}s`))
^
error: Timeout after 120s
at /Users/andrewvolter/Desktop/volter-monorepo/packages/lib-volter-mge2/mge_agents/agent_tools/ui_simulator/ui-simulator.js:369:24","Traceback (most recent call last):
  File ""/Users/andrewvolter/Desktop/volter-monorepo/packages/lib-volter-mge2/mge_agents/internal/view/view_qa.py"", line 191, in _run
    assert not data.get('errors'), f""Errors found {data.get('errors')}""
           ^^^^^^^^^^^^^^^^^^^^^^
AssertionError: Errors found [{'errorMessage': 'Timeout after 120s'}]

During handling of the above exception, another exception occurred:

Traceback (most recent call last):
  File ""/Users/andrewvolter/Desktop/volter-monorepo/packages/lib-volter-mge2/mge_agents/internal/view/view_qa.py"", line 87, in execute
    await self._run()
  File ""/Users/andrewvolter/Desktop/volter-monorepo/packages/lib-volter-mge2/mge_agents/internal/view/view_qa.py"", line 208, in _run
    raise wrapped_e
common.exceptions.FixableException: Detected Error - UI simulator appears to have failed: 
Error in main process: 364 | async function main() {
365 |     try {
366 |         await Promise.race([
367 |             simulateGameplay(gameUrl),
368 |             new Promise((_, reject) => setTimeout(() => {
369 |                 reject(new Error(`Timeout after ${RUN_TIMEOUT / 1000}s`))
^
error: Timeout after 120s
at /Users/andrewvolter/Desktop/volter-monorepo/packages/lib-volter-mge2/mge_agents/agent_tools/ui_simulator/ui-simulator.js:369:24

During handling of the above exception, another exception occurred:

Traceback (most recent call last):
  File ""/Users/andrewvolter/Desktop/volter-monorepo/packages/lib-volter-mge2/mge_agents/internal/view/view_qa.py"", line 191, in _run
    assert not data.get('errors'), f""Errors found {data.get('errors')}""
           ^^^^^^^^^^^^^^^^^^^^^^
AssertionError: Errors found [{'errorMessage': 'Timeout after 120s'}]

During handling of the above exception, another exception occurred:

Traceback (most recent call last):
  File ""/Users/andrewvolter/Desktop/volter-monorepo/packages/lib-volter-mge2/mge_agents/internal/view/view_qa.py"", line 87, in execute
    await self._run()
  File ""/Users/andrewvolter/Desktop/volter-monorepo/packages/lib-volter-mge2/mge_agents/internal/view/view_qa.py"", line 208, in _run
    raise wrapped_e
common.exceptions.FixableException: Detected Error - UI simulator appears to have failed: 
Error in main process: 364 | async function main() {
365 |     try {
366 |         await Promise.race([
367 |             simulateGameplay(gameUrl),
368 |             new Promise((_, reject) => setTimeout(() => {
369 |                 reject(new Error(`Timeout after ${RUN_TIMEOUT / 1000}s`))
^
error: Timeout after 120s
at /Users/andrewvolter/Desktop/volter-monorepo/packages/lib-volter-mge2/mge_agents/agent_tools/ui_simulator/ui-simulator.js:369:24

During handling of the above exception, another exception occurred:

Traceback (most recent call last):
  File ""/Users/andrewvolter/Desktop/volter-monorepo/packages/lib-volter-mge2/mge_agents/internal/view/view_qa.py"", line 191, in _run
    assert not data.get('errors'), f""Errors found {data.get('errors')}""
           ^^^^^^^^^^^^^^^^^^^^^^
AssertionError: Errors found [{'errorMessage': 'Timeout after 120s'}]

During handling of the above exception, another exception occurred:

Traceback (most recent call last):
  File ""/Users/andrewvolter/Desktop/volter-monorepo/packages/lib-volter-mge2/mge_agents/internal/view/view_qa.py"", line 87, in execute
    await self._run()
  File ""/Users/andrewvolter/Desktop/volter-monorepo/packages/lib-volter-mge2/mge_agents/internal/view/view_qa.py"", line 208, in _run
    raise wrapped_e
common.exceptions.FixableException: Detected Error - UI simulator appears to have failed: 
Error in main process: 364 | async function main() {
365 |     try {
366 |         await Promise.race([
367 |             simulateGameplay(gameUrl),
368 |             new Promise((_, reject) => setTimeout(() => {
369 |                 reject(new Error(`Timeout after ${RUN_TIMEOUT / 1000}s`))
^
error: Timeout after 120s
at /Users/andrewvolter/Desktop/volter-monorepo/packages/lib-volter-mge2/mge_agents/agent_tools/ui_simulator/ui-simulator.js:369:24

During handling of the above exception, another exception occurred:

Traceback (most recent call last):
  File ""/Users/andrewvolter/Desktop/volter-monorepo/packages/lib-volter-mge2/mge_agents/internal/view/view_qa.py"", line 191, in _run
    assert not data.get('errors'), f""Errors found {data.get('errors')}""
           ^^^^^^^^^^^^^^^^^^^^^^
AssertionError: Errors found [{'errorMessage': 'Timeout after 120s'}]

During handling of the above exception, another exception occurred:

Traceback (most recent call last):
  File ""/Users/andrewvolter/Desktop/volter-monorepo/packages/lib-volter-mge2/mge_bench/bench_utils.py"", line 93, in execute_agent
    asyncio.run(agent.execute())
  File ""/Library/Frameworks/Python.framework/Versions/3.11/lib/python3.11/asyncio/runners.py"", line 190, in run
    return runner.run(main)
           ^^^^^^^^^^^^^^^^
  File ""/Library/Frameworks/Python.framework/Versions/3.11/lib/python3.11/asyncio/runners.py"", line 118, in run
    return self._loop.run_until_complete(task)
           ^^^^^^^^^^^^^^^^^^^^^^^^^^^^^^^^^^^
  File ""/Library/Frameworks/Python.framework/Versions/3.11/lib/python3.11/asyncio/base_events.py"", line 654, in run_until_complete
    return future.result()
           ^^^^^^^^^^^^^^^
  File ""/Users/andrewvolter/Desktop/volter-monorepo/packages/lib-volter-mge2/mge_agents/internal/one_shot_gen/one_shot_view.py"", line 67, in execute
    await self.sdk.execute_as_task(ViewQAAgent, run_number=2, verbose=self.verbose)
  File ""/Users/andrewvolter/Desktop/volter-monorepo/packages/volter-common/common/sdk/SDK.py"", line 274, in execute_as_task
    response = await agent.execute()
               ^^^^^^^^^^^^^^^^^^^^^
  File ""/Users/andrewvolter/Desktop/volter-monorepo/packages/lib-volter-mge2/mge_agents/internal/view/view_qa.py"", line 98, in execute
    await self.execute()
  File ""/Users/andrewvolter/Desktop/volter-monorepo/packages/lib-volter-mge2/mge_agents/internal/view/view_qa.py"", line 98, in execute
    await self.execute()
  File ""/Users/andrewvolter/Desktop/volter-monorepo/packages/lib-volter-mge2/mge_agents/internal/view/view_qa.py"", line 98, in execute
    await self.execute()
  File ""/Users/andrewvolter/Desktop/volter-monorepo/packages/lib-volter-mge2/mge_agents/internal/view/view_qa.py"", line 91, in execute
    raise e
  File ""/Users/andrewvolter/Desktop/volter-monorepo/packages/lib-volter-mge2/mge_agents/internal/view/view_qa.py"", line 87, in execute
    await self._run()
  File ""/Users/andrewvolter/Desktop/volter-monorepo/packages/lib-volter-mge2/mge_agents/internal/view/view_qa.py"", line 208, in _run
    raise wrapped_e
common.exceptions.FixableException: Detected Error - UI simulator appears to have failed: 
Error in main process: 364 | async function main() {
365 |     try {
366 |         await Promise.race([
367 |             simulateGameplay(gameUrl),
368 |             new Promise((_, reject) => setTimeout(() => {
369 |                 reject(new Error(`Timeout after ${RUN_TIMEOUT / 1000}s`))
^
error: Timeout after 120s
at /Users/andrewvolter/Desktop/volter-monorepo/packages/lib-volter-mge2/mge_agents/agent_tools/ui_simulator/ui-simulator.js:369:24
",['new_prompt_logs/999863_394472_OneShotView'],ladder_view/creature_battler_04_1/main_game,https://github.com/volter-ai/volter-monorepo/blob/6a4bd1496e84a3047ef2899cf9a990eb40042504/packages/lib-volter-mge2/mge_agents/internal/one_shot_gen/one_shot_view.py,andrew/view_gen_fixes,,gpt-4o,claude-3-5-sonnet-20240620,gpt-4o-mini,claude-3-5-sonnet-20240620
2024-10-25 13:24:16,da23ec1b-db56-4196-b6dc-aaf01528950d,OneShotView,creature_battler_04,6,failure,"Detected Error - UI simulator appears to have failed: 
Error in main process: 364 | async function main() {
365 |     try {
366 |         await Promise.race([
367 |             simulateGameplay(gameUrl),
368 |             new Promise((_, reject) => setTimeout(() => {
369 |                 reject(new Error(`Timeout after ${RUN_TIMEOUT / 1000}s`))
^
error: Timeout after 120s
at /Users/andrewvolter/Desktop/volter-monorepo/packages/lib-volter-mge2/mge_agents/agent_tools/ui_simulator/ui-simulator.js:369:24","Traceback (most recent call last):
  File ""/Users/andrewvolter/Desktop/volter-monorepo/packages/lib-volter-mge2/mge_agents/internal/view/view_qa.py"", line 191, in _run
    assert not data.get('errors'), f""Errors found {data.get('errors')}""
           ^^^^^^^^^^^^^^^^^^^^^^
AssertionError: Errors found [{'errorMessage': 'Timeout after 120s'}]

During handling of the above exception, another exception occurred:

Traceback (most recent call last):
  File ""/Users/andrewvolter/Desktop/volter-monorepo/packages/lib-volter-mge2/mge_agents/internal/view/view_qa.py"", line 87, in execute
    await self._run()
  File ""/Users/andrewvolter/Desktop/volter-monorepo/packages/lib-volter-mge2/mge_agents/internal/view/view_qa.py"", line 208, in _run
    raise wrapped_e
common.exceptions.FixableException: Detected Error - UI simulator appears to have failed: 
Error in main process: 364 | async function main() {
365 |     try {
366 |         await Promise.race([
367 |             simulateGameplay(gameUrl),
368 |             new Promise((_, reject) => setTimeout(() => {
369 |                 reject(new Error(`Timeout after ${RUN_TIMEOUT / 1000}s`))
^
error: Timeout after 120s
at /Users/andrewvolter/Desktop/volter-monorepo/packages/lib-volter-mge2/mge_agents/agent_tools/ui_simulator/ui-simulator.js:369:24

During handling of the above exception, another exception occurred:

Traceback (most recent call last):
  File ""/Users/andrewvolter/Desktop/volter-monorepo/packages/lib-volter-mge2/mge_agents/internal/view/view_qa.py"", line 191, in _run
    assert not data.get('errors'), f""Errors found {data.get('errors')}""
           ^^^^^^^^^^^^^^^^^^^^^^
AssertionError: Errors found [{'errorMessage': 'Timeout after 120s'}]

During handling of the above exception, another exception occurred:

Traceback (most recent call last):
  File ""/Users/andrewvolter/Desktop/volter-monorepo/packages/lib-volter-mge2/mge_agents/internal/view/view_qa.py"", line 87, in execute
    await self._run()
  File ""/Users/andrewvolter/Desktop/volter-monorepo/packages/lib-volter-mge2/mge_agents/internal/view/view_qa.py"", line 208, in _run
    raise wrapped_e
common.exceptions.FixableException: Detected Error - UI simulator appears to have failed: 
Error in main process: 364 | async function main() {
365 |     try {
366 |         await Promise.race([
367 |             simulateGameplay(gameUrl),
368 |             new Promise((_, reject) => setTimeout(() => {
369 |                 reject(new Error(`Timeout after ${RUN_TIMEOUT / 1000}s`))
^
error: Timeout after 120s
at /Users/andrewvolter/Desktop/volter-monorepo/packages/lib-volter-mge2/mge_agents/agent_tools/ui_simulator/ui-simulator.js:369:24

During handling of the above exception, another exception occurred:

Traceback (most recent call last):
  File ""/Users/andrewvolter/Desktop/volter-monorepo/packages/lib-volter-mge2/mge_agents/internal/view/view_qa.py"", line 191, in _run
    assert not data.get('errors'), f""Errors found {data.get('errors')}""
           ^^^^^^^^^^^^^^^^^^^^^^
AssertionError: Errors found [{'errorMessage': 'Timeout after 120s'}]

During handling of the above exception, another exception occurred:

Traceback (most recent call last):
  File ""/Users/andrewvolter/Desktop/volter-monorepo/packages/lib-volter-mge2/mge_agents/internal/view/view_qa.py"", line 87, in execute
    await self._run()
  File ""/Users/andrewvolter/Desktop/volter-monorepo/packages/lib-volter-mge2/mge_agents/internal/view/view_qa.py"", line 208, in _run
    raise wrapped_e
common.exceptions.FixableException: Detected Error - UI simulator appears to have failed: 
Error in main process: 364 | async function main() {
365 |     try {
366 |         await Promise.race([
367 |             simulateGameplay(gameUrl),
368 |             new Promise((_, reject) => setTimeout(() => {
369 |                 reject(new Error(`Timeout after ${RUN_TIMEOUT / 1000}s`))
^
error: Timeout after 120s
at /Users/andrewvolter/Desktop/volter-monorepo/packages/lib-volter-mge2/mge_agents/agent_tools/ui_simulator/ui-simulator.js:369:24

During handling of the above exception, another exception occurred:

Traceback (most recent call last):
  File ""/Users/andrewvolter/Desktop/volter-monorepo/packages/lib-volter-mge2/mge_agents/internal/view/view_qa.py"", line 191, in _run
    assert not data.get('errors'), f""Errors found {data.get('errors')}""
           ^^^^^^^^^^^^^^^^^^^^^^
AssertionError: Errors found [{'errorMessage': 'Timeout after 120s'}]

During handling of the above exception, another exception occurred:

Traceback (most recent call last):
  File ""/Users/andrewvolter/Desktop/volter-monorepo/packages/lib-volter-mge2/mge_bench/bench_utils.py"", line 93, in execute_agent
    asyncio.run(agent.execute())
  File ""/Library/Frameworks/Python.framework/Versions/3.11/lib/python3.11/asyncio/runners.py"", line 190, in run
    return runner.run(main)
           ^^^^^^^^^^^^^^^^
  File ""/Library/Frameworks/Python.framework/Versions/3.11/lib/python3.11/asyncio/runners.py"", line 118, in run
    return self._loop.run_until_complete(task)
           ^^^^^^^^^^^^^^^^^^^^^^^^^^^^^^^^^^^
  File ""/Library/Frameworks/Python.framework/Versions/3.11/lib/python3.11/asyncio/base_events.py"", line 654, in run_until_complete
    return future.result()
           ^^^^^^^^^^^^^^^
  File ""/Users/andrewvolter/Desktop/volter-monorepo/packages/lib-volter-mge2/mge_agents/internal/one_shot_gen/one_shot_view.py"", line 67, in execute
    await self.sdk.execute_as_task(ViewQAAgent, run_number=2, verbose=self.verbose)
  File ""/Users/andrewvolter/Desktop/volter-monorepo/packages/volter-common/common/sdk/SDK.py"", line 274, in execute_as_task
    response = await agent.execute()
               ^^^^^^^^^^^^^^^^^^^^^
  File ""/Users/andrewvolter/Desktop/volter-monorepo/packages/lib-volter-mge2/mge_agents/internal/view/view_qa.py"", line 98, in execute
    await self.execute()
  File ""/Users/andrewvolter/Desktop/volter-monorepo/packages/lib-volter-mge2/mge_agents/internal/view/view_qa.py"", line 98, in execute
    await self.execute()
  File ""/Users/andrewvolter/Desktop/volter-monorepo/packages/lib-volter-mge2/mge_agents/internal/view/view_qa.py"", line 98, in execute
    await self.execute()
  File ""/Users/andrewvolter/Desktop/volter-monorepo/packages/lib-volter-mge2/mge_agents/internal/view/view_qa.py"", line 91, in execute
    raise e
  File ""/Users/andrewvolter/Desktop/volter-monorepo/packages/lib-volter-mge2/mge_agents/internal/view/view_qa.py"", line 87, in execute
    await self._run()
  File ""/Users/andrewvolter/Desktop/volter-monorepo/packages/lib-volter-mge2/mge_agents/internal/view/view_qa.py"", line 208, in _run
    raise wrapped_e
common.exceptions.FixableException: Detected Error - UI simulator appears to have failed: 
Error in main process: 364 | async function main() {
365 |     try {
366 |         await Promise.race([
367 |             simulateGameplay(gameUrl),
368 |             new Promise((_, reject) => setTimeout(() => {
369 |                 reject(new Error(`Timeout after ${RUN_TIMEOUT / 1000}s`))
^
error: Timeout after 120s
at /Users/andrewvolter/Desktop/volter-monorepo/packages/lib-volter-mge2/mge_agents/agent_tools/ui_simulator/ui-simulator.js:369:24
",['new_prompt_logs/999866_559565_OneShotView'],ladder_view/creature_battler_04_6/main_game,https://github.com/volter-ai/volter-monorepo/blob/6a4bd1496e84a3047ef2899cf9a990eb40042504/packages/lib-volter-mge2/mge_agents/internal/one_shot_gen/one_shot_view.py,andrew/view_gen_fixes,,gpt-4o,claude-3-5-sonnet-20240620,gpt-4o-mini,claude-3-5-sonnet-20240620
2024-10-25 13:24:36,0be43946-8d3b-489b-a88b-331493d84b93,OneShotView,creature_battler_04,7,failure,"Detected Error - UI simulator appears to have failed: 
Error in main process: 364 | async function main() {
365 |     try {
366 |         await Promise.race([
367 |             simulateGameplay(gameUrl),
368 |             new Promise((_, reject) => setTimeout(() => {
369 |                 reject(new Error(`Timeout after ${RUN_TIMEOUT / 1000}s`))
^
error: Timeout after 120s
at /Users/andrewvolter/Desktop/volter-monorepo/packages/lib-volter-mge2/mge_agents/agent_tools/ui_simulator/ui-simulator.js:369:24","Traceback (most recent call last):
  File ""/Users/andrewvolter/Desktop/volter-monorepo/packages/lib-volter-mge2/mge_agents/internal/view/view_qa.py"", line 191, in _run
    assert not data.get('errors'), f""Errors found {data.get('errors')}""
           ^^^^^^^^^^^^^^^^^^^^^^
AssertionError: Errors found [{'errorMessage': 'Timeout after 120s'}]

During handling of the above exception, another exception occurred:

Traceback (most recent call last):
  File ""/Users/andrewvolter/Desktop/volter-monorepo/packages/lib-volter-mge2/mge_agents/internal/view/view_qa.py"", line 87, in execute
    await self._run()
  File ""/Users/andrewvolter/Desktop/volter-monorepo/packages/lib-volter-mge2/mge_agents/internal/view/view_qa.py"", line 208, in _run
    raise wrapped_e
common.exceptions.FixableException: Detected Error - UI simulator appears to have failed: 
Error in main process: 364 | async function main() {
365 |     try {
366 |         await Promise.race([
367 |             simulateGameplay(gameUrl),
368 |             new Promise((_, reject) => setTimeout(() => {
369 |                 reject(new Error(`Timeout after ${RUN_TIMEOUT / 1000}s`))
^
error: Timeout after 120s
at /Users/andrewvolter/Desktop/volter-monorepo/packages/lib-volter-mge2/mge_agents/agent_tools/ui_simulator/ui-simulator.js:369:24

During handling of the above exception, another exception occurred:

Traceback (most recent call last):
  File ""/Users/andrewvolter/Desktop/volter-monorepo/packages/lib-volter-mge2/mge_agents/internal/view/view_qa.py"", line 191, in _run
    assert not data.get('errors'), f""Errors found {data.get('errors')}""
           ^^^^^^^^^^^^^^^^^^^^^^
AssertionError: Errors found [{'errorMessage': 'Timeout after 120s'}]

During handling of the above exception, another exception occurred:

Traceback (most recent call last):
  File ""/Users/andrewvolter/Desktop/volter-monorepo/packages/lib-volter-mge2/mge_agents/internal/view/view_qa.py"", line 87, in execute
    await self._run()
  File ""/Users/andrewvolter/Desktop/volter-monorepo/packages/lib-volter-mge2/mge_agents/internal/view/view_qa.py"", line 208, in _run
    raise wrapped_e
common.exceptions.FixableException: Detected Error - UI simulator appears to have failed: 
Error in main process: 364 | async function main() {
365 |     try {
366 |         await Promise.race([
367 |             simulateGameplay(gameUrl),
368 |             new Promise((_, reject) => setTimeout(() => {
369 |                 reject(new Error(`Timeout after ${RUN_TIMEOUT / 1000}s`))
^
error: Timeout after 120s
at /Users/andrewvolter/Desktop/volter-monorepo/packages/lib-volter-mge2/mge_agents/agent_tools/ui_simulator/ui-simulator.js:369:24

During handling of the above exception, another exception occurred:

Traceback (most recent call last):
  File ""/Users/andrewvolter/Desktop/volter-monorepo/packages/lib-volter-mge2/mge_agents/internal/view/view_qa.py"", line 191, in _run
    assert not data.get('errors'), f""Errors found {data.get('errors')}""
           ^^^^^^^^^^^^^^^^^^^^^^
AssertionError: Errors found [{'errorMessage': 'Timeout after 120s'}]

During handling of the above exception, another exception occurred:

Traceback (most recent call last):
  File ""/Users/andrewvolter/Desktop/volter-monorepo/packages/lib-volter-mge2/mge_agents/internal/view/view_qa.py"", line 87, in execute
    await self._run()
  File ""/Users/andrewvolter/Desktop/volter-monorepo/packages/lib-volter-mge2/mge_agents/internal/view/view_qa.py"", line 208, in _run
    raise wrapped_e
common.exceptions.FixableException: Detected Error - UI simulator appears to have failed: 
Error in main process: 364 | async function main() {
365 |     try {
366 |         await Promise.race([
367 |             simulateGameplay(gameUrl),
368 |             new Promise((_, reject) => setTimeout(() => {
369 |                 reject(new Error(`Timeout after ${RUN_TIMEOUT / 1000}s`))
^
error: Timeout after 120s
at /Users/andrewvolter/Desktop/volter-monorepo/packages/lib-volter-mge2/mge_agents/agent_tools/ui_simulator/ui-simulator.js:369:24

During handling of the above exception, another exception occurred:

Traceback (most recent call last):
  File ""/Users/andrewvolter/Desktop/volter-monorepo/packages/lib-volter-mge2/mge_agents/internal/view/view_qa.py"", line 191, in _run
    assert not data.get('errors'), f""Errors found {data.get('errors')}""
           ^^^^^^^^^^^^^^^^^^^^^^
AssertionError: Errors found [{'errorMessage': 'Timeout after 120s'}]

During handling of the above exception, another exception occurred:

Traceback (most recent call last):
  File ""/Users/andrewvolter/Desktop/volter-monorepo/packages/lib-volter-mge2/mge_bench/bench_utils.py"", line 93, in execute_agent
    asyncio.run(agent.execute())
  File ""/Library/Frameworks/Python.framework/Versions/3.11/lib/python3.11/asyncio/runners.py"", line 190, in run
    return runner.run(main)
           ^^^^^^^^^^^^^^^^
  File ""/Library/Frameworks/Python.framework/Versions/3.11/lib/python3.11/asyncio/runners.py"", line 118, in run
    return self._loop.run_until_complete(task)
           ^^^^^^^^^^^^^^^^^^^^^^^^^^^^^^^^^^^
  File ""/Library/Frameworks/Python.framework/Versions/3.11/lib/python3.11/asyncio/base_events.py"", line 654, in run_until_complete
    return future.result()
           ^^^^^^^^^^^^^^^
  File ""/Users/andrewvolter/Desktop/volter-monorepo/packages/lib-volter-mge2/mge_agents/internal/one_shot_gen/one_shot_view.py"", line 67, in execute
    await self.sdk.execute_as_task(ViewQAAgent, run_number=2, verbose=self.verbose)
  File ""/Users/andrewvolter/Desktop/volter-monorepo/packages/volter-common/common/sdk/SDK.py"", line 274, in execute_as_task
    response = await agent.execute()
               ^^^^^^^^^^^^^^^^^^^^^
  File ""/Users/andrewvolter/Desktop/volter-monorepo/packages/lib-volter-mge2/mge_agents/internal/view/view_qa.py"", line 98, in execute
    await self.execute()
  File ""/Users/andrewvolter/Desktop/volter-monorepo/packages/lib-volter-mge2/mge_agents/internal/view/view_qa.py"", line 98, in execute
    await self.execute()
  File ""/Users/andrewvolter/Desktop/volter-monorepo/packages/lib-volter-mge2/mge_agents/internal/view/view_qa.py"", line 98, in execute
    await self.execute()
  File ""/Users/andrewvolter/Desktop/volter-monorepo/packages/lib-volter-mge2/mge_agents/internal/view/view_qa.py"", line 91, in execute
    raise e
  File ""/Users/andrewvolter/Desktop/volter-monorepo/packages/lib-volter-mge2/mge_agents/internal/view/view_qa.py"", line 87, in execute
    await self._run()
  File ""/Users/andrewvolter/Desktop/volter-monorepo/packages/lib-volter-mge2/mge_agents/internal/view/view_qa.py"", line 208, in _run
    raise wrapped_e
common.exceptions.FixableException: Detected Error - UI simulator appears to have failed: 
Error in main process: 364 | async function main() {
365 |     try {
366 |         await Promise.race([
367 |             simulateGameplay(gameUrl),
368 |             new Promise((_, reject) => setTimeout(() => {
369 |                 reject(new Error(`Timeout after ${RUN_TIMEOUT / 1000}s`))
^
error: Timeout after 120s
at /Users/andrewvolter/Desktop/volter-monorepo/packages/lib-volter-mge2/mge_agents/agent_tools/ui_simulator/ui-simulator.js:369:24
",['new_prompt_logs/999868_651485_OneShotView'],ladder_view/creature_battler_04_7/main_game,https://github.com/volter-ai/volter-monorepo/blob/6a4bd1496e84a3047ef2899cf9a990eb40042504/packages/lib-volter-mge2/mge_agents/internal/one_shot_gen/one_shot_view.py,andrew/view_gen_fixes,,gpt-4o,claude-3-5-sonnet-20240620,gpt-4o-mini,claude-3-5-sonnet-20240620
2024-10-25 13:24:51,8612dd56-13a5-4368-9eda-df9dce4024d8,OneShotView,creature_battler_05,6,failure,"Detected Error - UI simulator appears to have failed: 
Error in main process: 364 | async function main() {
365 |     try {
366 |         await Promise.race([
367 |             simulateGameplay(gameUrl),
368 |             new Promise((_, reject) => setTimeout(() => {
369 |                 reject(new Error(`Timeout after ${RUN_TIMEOUT / 1000}s`))
^
error: Timeout after 120s
at /Users/andrewvolter/Desktop/volter-monorepo/packages/lib-volter-mge2/mge_agents/agent_tools/ui_simulator/ui-simulator.js:369:24","Traceback (most recent call last):
  File ""/Users/andrewvolter/Desktop/volter-monorepo/packages/lib-volter-mge2/mge_agents/internal/view/view_qa.py"", line 191, in _run
    assert not data.get('errors'), f""Errors found {data.get('errors')}""
           ^^^^^^^^^^^^^^^^^^^^^^
AssertionError: Errors found [{'errorMessage': 'Timeout after 120s'}]

During handling of the above exception, another exception occurred:

Traceback (most recent call last):
  File ""/Users/andrewvolter/Desktop/volter-monorepo/packages/lib-volter-mge2/mge_agents/internal/view/view_qa.py"", line 87, in execute
    await self._run()
  File ""/Users/andrewvolter/Desktop/volter-monorepo/packages/lib-volter-mge2/mge_agents/internal/view/view_qa.py"", line 208, in _run
    raise wrapped_e
common.exceptions.FixableException: Detected Error - UI simulator appears to have failed: 
Error in main process: 364 | async function main() {
365 |     try {
366 |         await Promise.race([
367 |             simulateGameplay(gameUrl),
368 |             new Promise((_, reject) => setTimeout(() => {
369 |                 reject(new Error(`Timeout after ${RUN_TIMEOUT / 1000}s`))
^
error: Timeout after 120s
at /Users/andrewvolter/Desktop/volter-monorepo/packages/lib-volter-mge2/mge_agents/agent_tools/ui_simulator/ui-simulator.js:369:24

During handling of the above exception, another exception occurred:

Traceback (most recent call last):
  File ""/Users/andrewvolter/Desktop/volter-monorepo/packages/lib-volter-mge2/mge_agents/internal/view/view_qa.py"", line 191, in _run
    assert not data.get('errors'), f""Errors found {data.get('errors')}""
           ^^^^^^^^^^^^^^^^^^^^^^
AssertionError: Errors found [{'errorMessage': 'Timeout after 120s'}]

During handling of the above exception, another exception occurred:

Traceback (most recent call last):
  File ""/Users/andrewvolter/Desktop/volter-monorepo/packages/lib-volter-mge2/mge_agents/internal/view/view_qa.py"", line 87, in execute
    await self._run()
  File ""/Users/andrewvolter/Desktop/volter-monorepo/packages/lib-volter-mge2/mge_agents/internal/view/view_qa.py"", line 208, in _run
    raise wrapped_e
common.exceptions.FixableException: Detected Error - UI simulator appears to have failed: 
Error in main process: 364 | async function main() {
365 |     try {
366 |         await Promise.race([
367 |             simulateGameplay(gameUrl),
368 |             new Promise((_, reject) => setTimeout(() => {
369 |                 reject(new Error(`Timeout after ${RUN_TIMEOUT / 1000}s`))
^
error: Timeout after 120s
at /Users/andrewvolter/Desktop/volter-monorepo/packages/lib-volter-mge2/mge_agents/agent_tools/ui_simulator/ui-simulator.js:369:24

During handling of the above exception, another exception occurred:

Traceback (most recent call last):
  File ""/Users/andrewvolter/Desktop/volter-monorepo/packages/lib-volter-mge2/mge_agents/internal/view/view_qa.py"", line 191, in _run
    assert not data.get('errors'), f""Errors found {data.get('errors')}""
           ^^^^^^^^^^^^^^^^^^^^^^
AssertionError: Errors found [{'errorMessage': 'Timeout after 120s'}]

During handling of the above exception, another exception occurred:

Traceback (most recent call last):
  File ""/Users/andrewvolter/Desktop/volter-monorepo/packages/lib-volter-mge2/mge_agents/internal/view/view_qa.py"", line 87, in execute
    await self._run()
  File ""/Users/andrewvolter/Desktop/volter-monorepo/packages/lib-volter-mge2/mge_agents/internal/view/view_qa.py"", line 208, in _run
    raise wrapped_e
common.exceptions.FixableException: Detected Error - UI simulator appears to have failed: 
Error in main process: 364 | async function main() {
365 |     try {
366 |         await Promise.race([
367 |             simulateGameplay(gameUrl),
368 |             new Promise((_, reject) => setTimeout(() => {
369 |                 reject(new Error(`Timeout after ${RUN_TIMEOUT / 1000}s`))
^
error: Timeout after 120s
at /Users/andrewvolter/Desktop/volter-monorepo/packages/lib-volter-mge2/mge_agents/agent_tools/ui_simulator/ui-simulator.js:369:24

During handling of the above exception, another exception occurred:

Traceback (most recent call last):
  File ""/Users/andrewvolter/Desktop/volter-monorepo/packages/lib-volter-mge2/mge_agents/internal/view/view_qa.py"", line 191, in _run
    assert not data.get('errors'), f""Errors found {data.get('errors')}""
           ^^^^^^^^^^^^^^^^^^^^^^
AssertionError: Errors found [{'errorMessage': 'Timeout after 120s'}]

During handling of the above exception, another exception occurred:

Traceback (most recent call last):
  File ""/Users/andrewvolter/Desktop/volter-monorepo/packages/lib-volter-mge2/mge_bench/bench_utils.py"", line 93, in execute_agent
    asyncio.run(agent.execute())
  File ""/Library/Frameworks/Python.framework/Versions/3.11/lib/python3.11/asyncio/runners.py"", line 190, in run
    return runner.run(main)
           ^^^^^^^^^^^^^^^^
  File ""/Library/Frameworks/Python.framework/Versions/3.11/lib/python3.11/asyncio/runners.py"", line 118, in run
    return self._loop.run_until_complete(task)
           ^^^^^^^^^^^^^^^^^^^^^^^^^^^^^^^^^^^
  File ""/Library/Frameworks/Python.framework/Versions/3.11/lib/python3.11/asyncio/base_events.py"", line 654, in run_until_complete
    return future.result()
           ^^^^^^^^^^^^^^^
  File ""/Users/andrewvolter/Desktop/volter-monorepo/packages/lib-volter-mge2/mge_agents/internal/one_shot_gen/one_shot_view.py"", line 67, in execute
    await self.sdk.execute_as_task(ViewQAAgent, run_number=2, verbose=self.verbose)
  File ""/Users/andrewvolter/Desktop/volter-monorepo/packages/volter-common/common/sdk/SDK.py"", line 274, in execute_as_task
    response = await agent.execute()
               ^^^^^^^^^^^^^^^^^^^^^
  File ""/Users/andrewvolter/Desktop/volter-monorepo/packages/lib-volter-mge2/mge_agents/internal/view/view_qa.py"", line 98, in execute
    await self.execute()
  File ""/Users/andrewvolter/Desktop/volter-monorepo/packages/lib-volter-mge2/mge_agents/internal/view/view_qa.py"", line 98, in execute
    await self.execute()
  File ""/Users/andrewvolter/Desktop/volter-monorepo/packages/lib-volter-mge2/mge_agents/internal/view/view_qa.py"", line 98, in execute
    await self.execute()
  File ""/Users/andrewvolter/Desktop/volter-monorepo/packages/lib-volter-mge2/mge_agents/internal/view/view_qa.py"", line 91, in execute
    raise e
  File ""/Users/andrewvolter/Desktop/volter-monorepo/packages/lib-volter-mge2/mge_agents/internal/view/view_qa.py"", line 87, in execute
    await self._run()
  File ""/Users/andrewvolter/Desktop/volter-monorepo/packages/lib-volter-mge2/mge_agents/internal/view/view_qa.py"", line 208, in _run
    raise wrapped_e
common.exceptions.FixableException: Detected Error - UI simulator appears to have failed: 
Error in main process: 364 | async function main() {
365 |     try {
366 |         await Promise.race([
367 |             simulateGameplay(gameUrl),
368 |             new Promise((_, reject) => setTimeout(() => {
369 |                 reject(new Error(`Timeout after ${RUN_TIMEOUT / 1000}s`))
^
error: Timeout after 120s
at /Users/andrewvolter/Desktop/volter-monorepo/packages/lib-volter-mge2/mge_agents/agent_tools/ui_simulator/ui-simulator.js:369:24
",['new_prompt_logs/999865_804670_OneShotView'],ladder_view/creature_battler_05_6/main_game,https://github.com/volter-ai/volter-monorepo/blob/6a4bd1496e84a3047ef2899cf9a990eb40042504/packages/lib-volter-mge2/mge_agents/internal/one_shot_gen/one_shot_view.py,andrew/view_gen_fixes,,gpt-4o,claude-3-5-sonnet-20240620,gpt-4o-mini,claude-3-5-sonnet-20240620
2024-10-25 13:25:03,fc455fe7-abd9-43a5-9cdb-25cced8156c1,OneShotView,creature_battler_05,1,failure,"Detected Error - UI simulator appears to have failed: 
Error in main process: 364 | async function main() {
365 |     try {
366 |         await Promise.race([
367 |             simulateGameplay(gameUrl),
368 |             new Promise((_, reject) => setTimeout(() => {
369 |                 reject(new Error(`Timeout after ${RUN_TIMEOUT / 1000}s`))
^
error: Timeout after 120s
at /Users/andrewvolter/Desktop/volter-monorepo/packages/lib-volter-mge2/mge_agents/agent_tools/ui_simulator/ui-simulator.js:369:24","Traceback (most recent call last):
  File ""/Users/andrewvolter/Desktop/volter-monorepo/packages/lib-volter-mge2/mge_agents/internal/view/view_qa.py"", line 191, in _run
    assert not data.get('errors'), f""Errors found {data.get('errors')}""
           ^^^^^^^^^^^^^^^^^^^^^^
AssertionError: Errors found [{'errorMessage': 'Timeout after 120s'}]

During handling of the above exception, another exception occurred:

Traceback (most recent call last):
  File ""/Users/andrewvolter/Desktop/volter-monorepo/packages/lib-volter-mge2/mge_agents/internal/view/view_qa.py"", line 87, in execute
    await self._run()
  File ""/Users/andrewvolter/Desktop/volter-monorepo/packages/lib-volter-mge2/mge_agents/internal/view/view_qa.py"", line 208, in _run
    raise wrapped_e
common.exceptions.FixableException: Detected Error - UI simulator appears to have failed: 
Error in main process: 364 | async function main() {
365 |     try {
366 |         await Promise.race([
367 |             simulateGameplay(gameUrl),
368 |             new Promise((_, reject) => setTimeout(() => {
369 |                 reject(new Error(`Timeout after ${RUN_TIMEOUT / 1000}s`))
^
error: Timeout after 120s
at /Users/andrewvolter/Desktop/volter-monorepo/packages/lib-volter-mge2/mge_agents/agent_tools/ui_simulator/ui-simulator.js:369:24

During handling of the above exception, another exception occurred:

Traceback (most recent call last):
  File ""/Users/andrewvolter/Desktop/volter-monorepo/packages/lib-volter-mge2/mge_agents/internal/view/view_qa.py"", line 191, in _run
    assert not data.get('errors'), f""Errors found {data.get('errors')}""
           ^^^^^^^^^^^^^^^^^^^^^^
AssertionError: Errors found [{'errorMessage': 'Timeout after 120s'}]

During handling of the above exception, another exception occurred:

Traceback (most recent call last):
  File ""/Users/andrewvolter/Desktop/volter-monorepo/packages/lib-volter-mge2/mge_agents/internal/view/view_qa.py"", line 87, in execute
    await self._run()
  File ""/Users/andrewvolter/Desktop/volter-monorepo/packages/lib-volter-mge2/mge_agents/internal/view/view_qa.py"", line 208, in _run
    raise wrapped_e
common.exceptions.FixableException: Detected Error - UI simulator appears to have failed: 
Error in main process: 364 | async function main() {
365 |     try {
366 |         await Promise.race([
367 |             simulateGameplay(gameUrl),
368 |             new Promise((_, reject) => setTimeout(() => {
369 |                 reject(new Error(`Timeout after ${RUN_TIMEOUT / 1000}s`))
^
error: Timeout after 120s
at /Users/andrewvolter/Desktop/volter-monorepo/packages/lib-volter-mge2/mge_agents/agent_tools/ui_simulator/ui-simulator.js:369:24

During handling of the above exception, another exception occurred:

Traceback (most recent call last):
  File ""/Users/andrewvolter/Desktop/volter-monorepo/packages/lib-volter-mge2/mge_agents/internal/view/view_qa.py"", line 191, in _run
    assert not data.get('errors'), f""Errors found {data.get('errors')}""
           ^^^^^^^^^^^^^^^^^^^^^^
AssertionError: Errors found [{'errorMessage': 'Timeout after 120s'}]

During handling of the above exception, another exception occurred:

Traceback (most recent call last):
  File ""/Users/andrewvolter/Desktop/volter-monorepo/packages/lib-volter-mge2/mge_agents/internal/view/view_qa.py"", line 87, in execute
    await self._run()
  File ""/Users/andrewvolter/Desktop/volter-monorepo/packages/lib-volter-mge2/mge_agents/internal/view/view_qa.py"", line 208, in _run
    raise wrapped_e
common.exceptions.FixableException: Detected Error - UI simulator appears to have failed: 
Error in main process: 364 | async function main() {
365 |     try {
366 |         await Promise.race([
367 |             simulateGameplay(gameUrl),
368 |             new Promise((_, reject) => setTimeout(() => {
369 |                 reject(new Error(`Timeout after ${RUN_TIMEOUT / 1000}s`))
^
error: Timeout after 120s
at /Users/andrewvolter/Desktop/volter-monorepo/packages/lib-volter-mge2/mge_agents/agent_tools/ui_simulator/ui-simulator.js:369:24

During handling of the above exception, another exception occurred:

Traceback (most recent call last):
  File ""/Users/andrewvolter/Desktop/volter-monorepo/packages/lib-volter-mge2/mge_agents/internal/view/view_qa.py"", line 191, in _run
    assert not data.get('errors'), f""Errors found {data.get('errors')}""
           ^^^^^^^^^^^^^^^^^^^^^^
AssertionError: Errors found [{'errorMessage': 'Timeout after 120s'}]

During handling of the above exception, another exception occurred:

Traceback (most recent call last):
  File ""/Users/andrewvolter/Desktop/volter-monorepo/packages/lib-volter-mge2/mge_bench/bench_utils.py"", line 93, in execute_agent
    asyncio.run(agent.execute())
  File ""/Library/Frameworks/Python.framework/Versions/3.11/lib/python3.11/asyncio/runners.py"", line 190, in run
    return runner.run(main)
           ^^^^^^^^^^^^^^^^
  File ""/Library/Frameworks/Python.framework/Versions/3.11/lib/python3.11/asyncio/runners.py"", line 118, in run
    return self._loop.run_until_complete(task)
           ^^^^^^^^^^^^^^^^^^^^^^^^^^^^^^^^^^^
  File ""/Library/Frameworks/Python.framework/Versions/3.11/lib/python3.11/asyncio/base_events.py"", line 654, in run_until_complete
    return future.result()
           ^^^^^^^^^^^^^^^
  File ""/Users/andrewvolter/Desktop/volter-monorepo/packages/lib-volter-mge2/mge_agents/internal/one_shot_gen/one_shot_view.py"", line 67, in execute
    await self.sdk.execute_as_task(ViewQAAgent, run_number=2, verbose=self.verbose)
  File ""/Users/andrewvolter/Desktop/volter-monorepo/packages/volter-common/common/sdk/SDK.py"", line 274, in execute_as_task
    response = await agent.execute()
               ^^^^^^^^^^^^^^^^^^^^^
  File ""/Users/andrewvolter/Desktop/volter-monorepo/packages/lib-volter-mge2/mge_agents/internal/view/view_qa.py"", line 98, in execute
    await self.execute()
  File ""/Users/andrewvolter/Desktop/volter-monorepo/packages/lib-volter-mge2/mge_agents/internal/view/view_qa.py"", line 98, in execute
    await self.execute()
  File ""/Users/andrewvolter/Desktop/volter-monorepo/packages/lib-volter-mge2/mge_agents/internal/view/view_qa.py"", line 98, in execute
    await self.execute()
  File ""/Users/andrewvolter/Desktop/volter-monorepo/packages/lib-volter-mge2/mge_agents/internal/view/view_qa.py"", line 91, in execute
    raise e
  File ""/Users/andrewvolter/Desktop/volter-monorepo/packages/lib-volter-mge2/mge_agents/internal/view/view_qa.py"", line 87, in execute
    await self._run()
  File ""/Users/andrewvolter/Desktop/volter-monorepo/packages/lib-volter-mge2/mge_agents/internal/view/view_qa.py"", line 208, in _run
    raise wrapped_e
common.exceptions.FixableException: Detected Error - UI simulator appears to have failed: 
Error in main process: 364 | async function main() {
365 |     try {
366 |         await Promise.race([
367 |             simulateGameplay(gameUrl),
368 |             new Promise((_, reject) => setTimeout(() => {
369 |                 reject(new Error(`Timeout after ${RUN_TIMEOUT / 1000}s`))
^
error: Timeout after 120s
at /Users/andrewvolter/Desktop/volter-monorepo/packages/lib-volter-mge2/mge_agents/agent_tools/ui_simulator/ui-simulator.js:369:24
",['new_prompt_logs/999860_420951_OneShotView'],ladder_view/creature_battler_05_1/main_game,https://github.com/volter-ai/volter-monorepo/blob/6a4bd1496e84a3047ef2899cf9a990eb40042504/packages/lib-volter-mge2/mge_agents/internal/one_shot_gen/one_shot_view.py,andrew/view_gen_fixes,,gpt-4o,claude-3-5-sonnet-20240620,gpt-4o-mini,claude-3-5-sonnet-20240620
2024-10-25 13:25:46,d1efb36f-c439-46fc-a70b-4129bd759e4b,OneShotView,creature_battler_05,2,failure,"Detected Error - UI simulator appears to have failed: 
Error in main process: 364 | async function main() {
365 |     try {
366 |         await Promise.race([
367 |             simulateGameplay(gameUrl),
368 |             new Promise((_, reject) => setTimeout(() => {
369 |                 reject(new Error(`Timeout after ${RUN_TIMEOUT / 1000}s`))
^
error: Timeout after 120s
at /Users/andrewvolter/Desktop/volter-monorepo/packages/lib-volter-mge2/mge_agents/agent_tools/ui_simulator/ui-simulator.js:369:24","Traceback (most recent call last):
  File ""/Users/andrewvolter/Desktop/volter-monorepo/packages/lib-volter-mge2/mge_agents/internal/view/view_qa.py"", line 191, in _run
    assert not data.get('errors'), f""Errors found {data.get('errors')}""
           ^^^^^^^^^^^^^^^^^^^^^^
AssertionError: Errors found [{'errorMessage': 'Timeout after 120s'}]

During handling of the above exception, another exception occurred:

Traceback (most recent call last):
  File ""/Users/andrewvolter/Desktop/volter-monorepo/packages/lib-volter-mge2/mge_agents/internal/view/view_qa.py"", line 87, in execute
    await self._run()
  File ""/Users/andrewvolter/Desktop/volter-monorepo/packages/lib-volter-mge2/mge_agents/internal/view/view_qa.py"", line 208, in _run
    raise wrapped_e
common.exceptions.FixableException: Detected Error - UI simulator appears to have failed: 
Error in main process: 364 | async function main() {
365 |     try {
366 |         await Promise.race([
367 |             simulateGameplay(gameUrl),
368 |             new Promise((_, reject) => setTimeout(() => {
369 |                 reject(new Error(`Timeout after ${RUN_TIMEOUT / 1000}s`))
^
error: Timeout after 120s
at /Users/andrewvolter/Desktop/volter-monorepo/packages/lib-volter-mge2/mge_agents/agent_tools/ui_simulator/ui-simulator.js:369:24

During handling of the above exception, another exception occurred:

Traceback (most recent call last):
  File ""/Users/andrewvolter/Desktop/volter-monorepo/packages/lib-volter-mge2/mge_agents/internal/view/view_qa.py"", line 191, in _run
    assert not data.get('errors'), f""Errors found {data.get('errors')}""
           ^^^^^^^^^^^^^^^^^^^^^^
AssertionError: Errors found [{'errorMessage': 'Timeout after 120s'}]

During handling of the above exception, another exception occurred:

Traceback (most recent call last):
  File ""/Users/andrewvolter/Desktop/volter-monorepo/packages/lib-volter-mge2/mge_agents/internal/view/view_qa.py"", line 87, in execute
    await self._run()
  File ""/Users/andrewvolter/Desktop/volter-monorepo/packages/lib-volter-mge2/mge_agents/internal/view/view_qa.py"", line 208, in _run
    raise wrapped_e
common.exceptions.FixableException: Detected Error - UI simulator appears to have failed: 
Error in main process: 364 | async function main() {
365 |     try {
366 |         await Promise.race([
367 |             simulateGameplay(gameUrl),
368 |             new Promise((_, reject) => setTimeout(() => {
369 |                 reject(new Error(`Timeout after ${RUN_TIMEOUT / 1000}s`))
^
error: Timeout after 120s
at /Users/andrewvolter/Desktop/volter-monorepo/packages/lib-volter-mge2/mge_agents/agent_tools/ui_simulator/ui-simulator.js:369:24

During handling of the above exception, another exception occurred:

Traceback (most recent call last):
  File ""/Users/andrewvolter/Desktop/volter-monorepo/packages/lib-volter-mge2/mge_agents/internal/view/view_qa.py"", line 191, in _run
    assert not data.get('errors'), f""Errors found {data.get('errors')}""
           ^^^^^^^^^^^^^^^^^^^^^^
AssertionError: Errors found [{'errorMessage': 'Timeout after 120s'}]

During handling of the above exception, another exception occurred:

Traceback (most recent call last):
  File ""/Users/andrewvolter/Desktop/volter-monorepo/packages/lib-volter-mge2/mge_agents/internal/view/view_qa.py"", line 87, in execute
    await self._run()
  File ""/Users/andrewvolter/Desktop/volter-monorepo/packages/lib-volter-mge2/mge_agents/internal/view/view_qa.py"", line 208, in _run
    raise wrapped_e
common.exceptions.FixableException: Detected Error - UI simulator appears to have failed: 
Error in main process: 364 | async function main() {
365 |     try {
366 |         await Promise.race([
367 |             simulateGameplay(gameUrl),
368 |             new Promise((_, reject) => setTimeout(() => {
369 |                 reject(new Error(`Timeout after ${RUN_TIMEOUT / 1000}s`))
^
error: Timeout after 120s
at /Users/andrewvolter/Desktop/volter-monorepo/packages/lib-volter-mge2/mge_agents/agent_tools/ui_simulator/ui-simulator.js:369:24

During handling of the above exception, another exception occurred:

Traceback (most recent call last):
  File ""/Users/andrewvolter/Desktop/volter-monorepo/packages/lib-volter-mge2/mge_agents/internal/view/view_qa.py"", line 191, in _run
    assert not data.get('errors'), f""Errors found {data.get('errors')}""
           ^^^^^^^^^^^^^^^^^^^^^^
AssertionError: Errors found [{'errorMessage': 'Timeout after 120s'}]

During handling of the above exception, another exception occurred:

Traceback (most recent call last):
  File ""/Users/andrewvolter/Desktop/volter-monorepo/packages/lib-volter-mge2/mge_bench/bench_utils.py"", line 93, in execute_agent
    asyncio.run(agent.execute())
  File ""/Library/Frameworks/Python.framework/Versions/3.11/lib/python3.11/asyncio/runners.py"", line 190, in run
    return runner.run(main)
           ^^^^^^^^^^^^^^^^
  File ""/Library/Frameworks/Python.framework/Versions/3.11/lib/python3.11/asyncio/runners.py"", line 118, in run
    return self._loop.run_until_complete(task)
           ^^^^^^^^^^^^^^^^^^^^^^^^^^^^^^^^^^^
  File ""/Library/Frameworks/Python.framework/Versions/3.11/lib/python3.11/asyncio/base_events.py"", line 654, in run_until_complete
    return future.result()
           ^^^^^^^^^^^^^^^
  File ""/Users/andrewvolter/Desktop/volter-monorepo/packages/lib-volter-mge2/mge_agents/internal/one_shot_gen/one_shot_view.py"", line 67, in execute
    await self.sdk.execute_as_task(ViewQAAgent, run_number=2, verbose=self.verbose)
  File ""/Users/andrewvolter/Desktop/volter-monorepo/packages/volter-common/common/sdk/SDK.py"", line 274, in execute_as_task
    response = await agent.execute()
               ^^^^^^^^^^^^^^^^^^^^^
  File ""/Users/andrewvolter/Desktop/volter-monorepo/packages/lib-volter-mge2/mge_agents/internal/view/view_qa.py"", line 98, in execute
    await self.execute()
  File ""/Users/andrewvolter/Desktop/volter-monorepo/packages/lib-volter-mge2/mge_agents/internal/view/view_qa.py"", line 98, in execute
    await self.execute()
  File ""/Users/andrewvolter/Desktop/volter-monorepo/packages/lib-volter-mge2/mge_agents/internal/view/view_qa.py"", line 98, in execute
    await self.execute()
  File ""/Users/andrewvolter/Desktop/volter-monorepo/packages/lib-volter-mge2/mge_agents/internal/view/view_qa.py"", line 91, in execute
    raise e
  File ""/Users/andrewvolter/Desktop/volter-monorepo/packages/lib-volter-mge2/mge_agents/internal/view/view_qa.py"", line 87, in execute
    await self._run()
  File ""/Users/andrewvolter/Desktop/volter-monorepo/packages/lib-volter-mge2/mge_agents/internal/view/view_qa.py"", line 208, in _run
    raise wrapped_e
common.exceptions.FixableException: Detected Error - UI simulator appears to have failed: 
Error in main process: 364 | async function main() {
365 |     try {
366 |         await Promise.race([
367 |             simulateGameplay(gameUrl),
368 |             new Promise((_, reject) => setTimeout(() => {
369 |                 reject(new Error(`Timeout after ${RUN_TIMEOUT / 1000}s`))
^
error: Timeout after 120s
at /Users/andrewvolter/Desktop/volter-monorepo/packages/lib-volter-mge2/mge_agents/agent_tools/ui_simulator/ui-simulator.js:369:24
",['new_prompt_logs/999864_260260_OneShotView'],ladder_view/creature_battler_05_2/main_game,https://github.com/volter-ai/volter-monorepo/blob/6a4bd1496e84a3047ef2899cf9a990eb40042504/packages/lib-volter-mge2/mge_agents/internal/one_shot_gen/one_shot_view.py,andrew/view_gen_fixes,,gpt-4o,claude-3-5-sonnet-20240620,gpt-4o-mini,claude-3-5-sonnet-20240620
2024-10-25 13:26:15,61690a0e-9465-4807-a19b-747cbafb1282,OneShotView,creature_battler_05,7,failure,"Detected Error - UI simulator appears to have failed: 
Error in main process: 364 | async function main() {
365 |     try {
366 |         await Promise.race([
367 |             simulateGameplay(gameUrl),
368 |             new Promise((_, reject) => setTimeout(() => {
369 |                 reject(new Error(`Timeout after ${RUN_TIMEOUT / 1000}s`))
^
error: Timeout after 120s
at /Users/andrewvolter/Desktop/volter-monorepo/packages/lib-volter-mge2/mge_agents/agent_tools/ui_simulator/ui-simulator.js:369:24","Traceback (most recent call last):
  File ""/Users/andrewvolter/Desktop/volter-monorepo/packages/lib-volter-mge2/mge_agents/internal/view/view_qa.py"", line 191, in _run
    assert not data.get('errors'), f""Errors found {data.get('errors')}""
           ^^^^^^^^^^^^^^^^^^^^^^
AssertionError: Errors found [{'errorMessage': 'Timeout after 120s'}]

During handling of the above exception, another exception occurred:

Traceback (most recent call last):
  File ""/Users/andrewvolter/Desktop/volter-monorepo/packages/lib-volter-mge2/mge_agents/internal/view/view_qa.py"", line 87, in execute
    await self._run()
  File ""/Users/andrewvolter/Desktop/volter-monorepo/packages/lib-volter-mge2/mge_agents/internal/view/view_qa.py"", line 208, in _run
    raise wrapped_e
common.exceptions.FixableException: Detected Error - UI simulator appears to have failed: 
Error in main process: 364 | async function main() {
365 |     try {
366 |         await Promise.race([
367 |             simulateGameplay(gameUrl),
368 |             new Promise((_, reject) => setTimeout(() => {
369 |                 reject(new Error(`Timeout after ${RUN_TIMEOUT / 1000}s`))
^
error: Timeout after 120s
at /Users/andrewvolter/Desktop/volter-monorepo/packages/lib-volter-mge2/mge_agents/agent_tools/ui_simulator/ui-simulator.js:369:24

During handling of the above exception, another exception occurred:

Traceback (most recent call last):
  File ""/Users/andrewvolter/Desktop/volter-monorepo/packages/lib-volter-mge2/mge_agents/internal/view/view_qa.py"", line 191, in _run
    assert not data.get('errors'), f""Errors found {data.get('errors')}""
           ^^^^^^^^^^^^^^^^^^^^^^
AssertionError: Errors found [{'errorMessage': 'Timeout after 120s'}]

During handling of the above exception, another exception occurred:

Traceback (most recent call last):
  File ""/Users/andrewvolter/Desktop/volter-monorepo/packages/lib-volter-mge2/mge_agents/internal/view/view_qa.py"", line 87, in execute
    await self._run()
  File ""/Users/andrewvolter/Desktop/volter-monorepo/packages/lib-volter-mge2/mge_agents/internal/view/view_qa.py"", line 208, in _run
    raise wrapped_e
common.exceptions.FixableException: Detected Error - UI simulator appears to have failed: 
Error in main process: 364 | async function main() {
365 |     try {
366 |         await Promise.race([
367 |             simulateGameplay(gameUrl),
368 |             new Promise((_, reject) => setTimeout(() => {
369 |                 reject(new Error(`Timeout after ${RUN_TIMEOUT / 1000}s`))
^
error: Timeout after 120s
at /Users/andrewvolter/Desktop/volter-monorepo/packages/lib-volter-mge2/mge_agents/agent_tools/ui_simulator/ui-simulator.js:369:24

During handling of the above exception, another exception occurred:

Traceback (most recent call last):
  File ""/Users/andrewvolter/Desktop/volter-monorepo/packages/lib-volter-mge2/mge_agents/internal/view/view_qa.py"", line 191, in _run
    assert not data.get('errors'), f""Errors found {data.get('errors')}""
           ^^^^^^^^^^^^^^^^^^^^^^
AssertionError: Errors found [{'errorMessage': 'Timeout after 120s'}]

During handling of the above exception, another exception occurred:

Traceback (most recent call last):
  File ""/Users/andrewvolter/Desktop/volter-monorepo/packages/lib-volter-mge2/mge_agents/internal/view/view_qa.py"", line 87, in execute
    await self._run()
  File ""/Users/andrewvolter/Desktop/volter-monorepo/packages/lib-volter-mge2/mge_agents/internal/view/view_qa.py"", line 208, in _run
    raise wrapped_e
common.exceptions.FixableException: Detected Error - UI simulator appears to have failed: 
Error in main process: 364 | async function main() {
365 |     try {
366 |         await Promise.race([
367 |             simulateGameplay(gameUrl),
368 |             new Promise((_, reject) => setTimeout(() => {
369 |                 reject(new Error(`Timeout after ${RUN_TIMEOUT / 1000}s`))
^
error: Timeout after 120s
at /Users/andrewvolter/Desktop/volter-monorepo/packages/lib-volter-mge2/mge_agents/agent_tools/ui_simulator/ui-simulator.js:369:24

During handling of the above exception, another exception occurred:

Traceback (most recent call last):
  File ""/Users/andrewvolter/Desktop/volter-monorepo/packages/lib-volter-mge2/mge_agents/internal/view/view_qa.py"", line 191, in _run
    assert not data.get('errors'), f""Errors found {data.get('errors')}""
           ^^^^^^^^^^^^^^^^^^^^^^
AssertionError: Errors found [{'errorMessage': 'Timeout after 120s'}]

During handling of the above exception, another exception occurred:

Traceback (most recent call last):
  File ""/Users/andrewvolter/Desktop/volter-monorepo/packages/lib-volter-mge2/mge_bench/bench_utils.py"", line 93, in execute_agent
    asyncio.run(agent.execute())
  File ""/Library/Frameworks/Python.framework/Versions/3.11/lib/python3.11/asyncio/runners.py"", line 190, in run
    return runner.run(main)
           ^^^^^^^^^^^^^^^^
  File ""/Library/Frameworks/Python.framework/Versions/3.11/lib/python3.11/asyncio/runners.py"", line 118, in run
    return self._loop.run_until_complete(task)
           ^^^^^^^^^^^^^^^^^^^^^^^^^^^^^^^^^^^
  File ""/Library/Frameworks/Python.framework/Versions/3.11/lib/python3.11/asyncio/base_events.py"", line 654, in run_until_complete
    return future.result()
           ^^^^^^^^^^^^^^^
  File ""/Users/andrewvolter/Desktop/volter-monorepo/packages/lib-volter-mge2/mge_agents/internal/one_shot_gen/one_shot_view.py"", line 67, in execute
    await self.sdk.execute_as_task(ViewQAAgent, run_number=2, verbose=self.verbose)
  File ""/Users/andrewvolter/Desktop/volter-monorepo/packages/volter-common/common/sdk/SDK.py"", line 274, in execute_as_task
    response = await agent.execute()
               ^^^^^^^^^^^^^^^^^^^^^
  File ""/Users/andrewvolter/Desktop/volter-monorepo/packages/lib-volter-mge2/mge_agents/internal/view/view_qa.py"", line 98, in execute
    await self.execute()
  File ""/Users/andrewvolter/Desktop/volter-monorepo/packages/lib-volter-mge2/mge_agents/internal/view/view_qa.py"", line 98, in execute
    await self.execute()
  File ""/Users/andrewvolter/Desktop/volter-monorepo/packages/lib-volter-mge2/mge_agents/internal/view/view_qa.py"", line 98, in execute
    await self.execute()
  File ""/Users/andrewvolter/Desktop/volter-monorepo/packages/lib-volter-mge2/mge_agents/internal/view/view_qa.py"", line 91, in execute
    raise e
  File ""/Users/andrewvolter/Desktop/volter-monorepo/packages/lib-volter-mge2/mge_agents/internal/view/view_qa.py"", line 87, in execute
    await self._run()
  File ""/Users/andrewvolter/Desktop/volter-monorepo/packages/lib-volter-mge2/mge_agents/internal/view/view_qa.py"", line 208, in _run
    raise wrapped_e
common.exceptions.FixableException: Detected Error - UI simulator appears to have failed: 
Error in main process: 364 | async function main() {
365 |     try {
366 |         await Promise.race([
367 |             simulateGameplay(gameUrl),
368 |             new Promise((_, reject) => setTimeout(() => {
369 |                 reject(new Error(`Timeout after ${RUN_TIMEOUT / 1000}s`))
^
error: Timeout after 120s
at /Users/andrewvolter/Desktop/volter-monorepo/packages/lib-volter-mge2/mge_agents/agent_tools/ui_simulator/ui-simulator.js:369:24
",['new_prompt_logs/999859_975082_OneShotView'],ladder_view/creature_battler_05_7/main_game,https://github.com/volter-ai/volter-monorepo/blob/6a4bd1496e84a3047ef2899cf9a990eb40042504/packages/lib-volter-mge2/mge_agents/internal/one_shot_gen/one_shot_view.py,andrew/view_gen_fixes,,gpt-4o,claude-3-5-sonnet-20240620,gpt-4o-mini,claude-3-5-sonnet-20240620
