timestamp,run_id,agent_id,ladder,run,status,error,traceback,logs,project_directory,commit_url,branch_name,project_type,override_model,strong_completion_model,base_chat_completion_model,fast_chat_completion_model,strong_coding_completion_model
2024-11-28 14:19:46,80f44b43-555b-4730-8759-e1561c3881e0,OneShotCoreAgent,creature_battler_01,4,success,,,['new_prompt_logs/999996_462416_OneShotCoreAgent'],ladder/creature_battler_01_4/main_game,https://github.com/volter-ai/volter-monorepo/blob/aca4d025e24dc4421dfa0565bc8054e34ff1b81c/packages/lib-volter-mge2/mge_agents/internal/one_shot_gen/one_shot_core.py,main,mge2_game,,gpt-4o,gpt-4o,gpt-4o-mini,claude-3-5-sonnet-20241022
2024-11-28 14:19:50,f52f10ba-5b63-4b0a-adae-70e639c0a0e2,OneShotCoreAgent,creature_battler_01,1,success,,,['new_prompt_logs/999994_286614_OneShotCoreAgent'],ladder/creature_battler_01_1/main_game,https://github.com/volter-ai/volter-monorepo/blob/aca4d025e24dc4421dfa0565bc8054e34ff1b81c/packages/lib-volter-mge2/mge_agents/internal/one_shot_gen/one_shot_core.py,main,mge2_game,,gpt-4o,gpt-4o,gpt-4o-mini,claude-3-5-sonnet-20241022
2024-11-28 14:19:56,ddf5c3b5-8d39-4d4d-bbc0-7c2cf5a3374e,OneShotCoreAgent,creature_battler_01,5,success,,,['new_prompt_logs/999995_122513_OneShotCoreAgent'],ladder/creature_battler_01_5/main_game,https://github.com/volter-ai/volter-monorepo/blob/aca4d025e24dc4421dfa0565bc8054e34ff1b81c/packages/lib-volter-mge2/mge_agents/internal/one_shot_gen/one_shot_core.py,main,mge2_game,,gpt-4o,gpt-4o,gpt-4o-mini,claude-3-5-sonnet-20241022
2024-11-28 14:20:08,c9fef03d-5c42-47a6-b568-2811c42ebb07,OneShotCoreAgent,creature_battler_01,6,success,,,['new_prompt_logs/999999_426817_OneShotCoreAgent'],ladder/creature_battler_01_6/main_game,https://github.com/volter-ai/volter-monorepo/blob/aca4d025e24dc4421dfa0565bc8054e34ff1b81c/packages/lib-volter-mge2/mge_agents/internal/one_shot_gen/one_shot_core.py,main,mge2_game,,gpt-4o,gpt-4o,gpt-4o-mini,claude-3-5-sonnet-20241022
2024-11-28 14:20:09,236901d5-316e-4821-9291-326aa17e7185,OneShotCoreAgent,creature_battler_01,2,success,,,['new_prompt_logs/999998_189485_OneShotCoreAgent'],ladder/creature_battler_01_2/main_game,https://github.com/volter-ai/volter-monorepo/blob/aca4d025e24dc4421dfa0565bc8054e34ff1b81c/packages/lib-volter-mge2/mge_agents/internal/one_shot_gen/one_shot_core.py,main,mge2_game,,gpt-4o,gpt-4o,gpt-4o-mini,claude-3-5-sonnet-20241022
2024-11-28 14:20:33,fbed242f-f528-485a-a9d7-fa571ece4a81,OneShotCoreAgent,creature_battler_01,3,success,,,['new_prompt_logs/999997_681058_OneShotCoreAgent'],ladder/creature_battler_01_3/main_game,https://github.com/volter-ai/volter-monorepo/blob/aca4d025e24dc4421dfa0565bc8054e34ff1b81c/packages/lib-volter-mge2/mge_agents/internal/one_shot_gen/one_shot_core.py,main,mge2_game,,gpt-4o,gpt-4o,gpt-4o-mini,claude-3-5-sonnet-20241022
2024-11-28 14:21:19,41bbee56-5101-4048-a4bf-65f230d0eaba,OneShotCoreAgent,creature_battler_02,1,success,,,['new_prompt_logs/999994_286614_OneShotCoreAgent'],ladder/creature_battler_02_1/main_game,https://github.com/volter-ai/volter-monorepo/blob/aca4d025e24dc4421dfa0565bc8054e34ff1b81c/packages/lib-volter-mge2/mge_agents/internal/one_shot_gen/one_shot_core.py,main,mge2_game,,gpt-4o,gpt-4o,gpt-4o-mini,claude-3-5-sonnet-20241022
2024-11-28 14:21:29,2980eced-7ce5-4b29-ae1b-5bee4443ff22,OneShotCoreAgent,creature_battler_02,2,success,,,['new_prompt_logs/999995_122513_OneShotCoreAgent'],ladder/creature_battler_02_2/main_game,https://github.com/volter-ai/volter-monorepo/blob/aca4d025e24dc4421dfa0565bc8054e34ff1b81c/packages/lib-volter-mge2/mge_agents/internal/one_shot_gen/one_shot_core.py,main,mge2_game,,gpt-4o,gpt-4o,gpt-4o-mini,claude-3-5-sonnet-20241022
2024-11-28 14:21:34,6fe3a4ca-74bb-4be7-8b08-7c74c96b7c6a,OneShotCoreAgent,creature_battler_02,3,success,,,['new_prompt_logs/999999_426817_OneShotCoreAgent'],ladder/creature_battler_02_3/main_game,https://github.com/volter-ai/volter-monorepo/blob/aca4d025e24dc4421dfa0565bc8054e34ff1b81c/packages/lib-volter-mge2/mge_agents/internal/one_shot_gen/one_shot_core.py,main,mge2_game,,gpt-4o,gpt-4o,gpt-4o-mini,claude-3-5-sonnet-20241022
2024-11-28 14:21:38,55d2f53c-9f5d-42e4-bbfa-b89b3c60613a,OneShotCoreAgent,creature_battler_02,4,success,,,['new_prompt_logs/999998_189485_OneShotCoreAgent'],ladder/creature_battler_02_4/main_game,https://github.com/volter-ai/volter-monorepo/blob/aca4d025e24dc4421dfa0565bc8054e34ff1b81c/packages/lib-volter-mge2/mge_agents/internal/one_shot_gen/one_shot_core.py,main,mge2_game,,gpt-4o,gpt-4o,gpt-4o-mini,claude-3-5-sonnet-20241022
2024-11-28 14:21:38,b0c7af0c-f640-44a5-810d-cc3449e59e4b,OneShotCoreAgent,creature_battler_01,7,success,,,['new_prompt_logs/999996_462416_OneShotCoreAgent'],ladder/creature_battler_01_7/main_game,https://github.com/volter-ai/volter-monorepo/blob/aca4d025e24dc4421dfa0565bc8054e34ff1b81c/packages/lib-volter-mge2/mge_agents/internal/one_shot_gen/one_shot_core.py,main,mge2_game,,gpt-4o,gpt-4o,gpt-4o-mini,claude-3-5-sonnet-20241022
2024-11-28 14:22:03,4c9c84e1-9795-46a4-99f8-2b759b09238e,OneShotCoreAgent,creature_battler_02,5,success,,,['new_prompt_logs/999997_681058_OneShotCoreAgent'],ladder/creature_battler_02_5/main_game,https://github.com/volter-ai/volter-monorepo/blob/aca4d025e24dc4421dfa0565bc8054e34ff1b81c/packages/lib-volter-mge2/mge_agents/internal/one_shot_gen/one_shot_core.py,main,mge2_game,,gpt-4o,gpt-4o,gpt-4o-mini,claude-3-5-sonnet-20241022
2024-11-28 14:23:01,1602f1fe-9263-4730-b13b-9ea9d96a1da3,OneShotCoreAgent,creature_battler_02,7,success,,,['new_prompt_logs/999995_122513_OneShotCoreAgent'],ladder/creature_battler_02_7/main_game,https://github.com/volter-ai/volter-monorepo/blob/aca4d025e24dc4421dfa0565bc8054e34ff1b81c/packages/lib-volter-mge2/mge_agents/internal/one_shot_gen/one_shot_core.py,main,mge2_game,,gpt-4o,gpt-4o,gpt-4o-mini,claude-3-5-sonnet-20241022
2024-11-28 14:23:06,e97a291e-97c5-4062-87f6-6f36a930b08c,OneShotCoreAgent,creature_battler_03,3,success,,,['new_prompt_logs/999996_462416_OneShotCoreAgent'],ladder/creature_battler_03_3/main_game,https://github.com/volter-ai/volter-monorepo/blob/aca4d025e24dc4421dfa0565bc8054e34ff1b81c/packages/lib-volter-mge2/mge_agents/internal/one_shot_gen/one_shot_core.py,main,mge2_game,,gpt-4o,gpt-4o,gpt-4o-mini,claude-3-5-sonnet-20241022
2024-11-28 14:23:07,748aafe0-9371-40b9-9cde-8df5d968b759,OneShotCoreAgent,creature_battler_02,6,success,,,['new_prompt_logs/999994_286614_OneShotCoreAgent'],ladder/creature_battler_02_6/main_game,https://github.com/volter-ai/volter-monorepo/blob/aca4d025e24dc4421dfa0565bc8054e34ff1b81c/packages/lib-volter-mge2/mge_agents/internal/one_shot_gen/one_shot_core.py,main,mge2_game,,gpt-4o,gpt-4o,gpt-4o-mini,claude-3-5-sonnet-20241022
2024-11-28 14:23:09,b37e967b-232c-489e-8088-7155f065f489,OneShotCoreAgent,creature_battler_03,2,success,,,['new_prompt_logs/999998_189485_OneShotCoreAgent'],ladder/creature_battler_03_2/main_game,https://github.com/volter-ai/volter-monorepo/blob/aca4d025e24dc4421dfa0565bc8054e34ff1b81c/packages/lib-volter-mge2/mge_agents/internal/one_shot_gen/one_shot_core.py,main,mge2_game,,gpt-4o,gpt-4o,gpt-4o-mini,claude-3-5-sonnet-20241022
2024-11-28 14:23:43,9a0e17b1-c650-40e6-91a9-7712056b8b4a,OneShotCoreAgent,creature_battler_03,1,success,,,['new_prompt_logs/999999_426817_OneShotCoreAgent'],ladder/creature_battler_03_1/main_game,https://github.com/volter-ai/volter-monorepo/blob/aca4d025e24dc4421dfa0565bc8054e34ff1b81c/packages/lib-volter-mge2/mge_agents/internal/one_shot_gen/one_shot_core.py,main,mge2_game,,gpt-4o,gpt-4o,gpt-4o-mini,claude-3-5-sonnet-20241022
2024-11-28 14:24:06,c9d6252f-be34-4771-a9b2-e54bbbc6dcbd,OneShotCoreAgent,creature_battler_03,4,success,,,['new_prompt_logs/999997_681058_OneShotCoreAgent'],ladder/creature_battler_03_4/main_game,https://github.com/volter-ai/volter-monorepo/blob/aca4d025e24dc4421dfa0565bc8054e34ff1b81c/packages/lib-volter-mge2/mge_agents/internal/one_shot_gen/one_shot_core.py,main,mge2_game,,gpt-4o,gpt-4o,gpt-4o-mini,claude-3-5-sonnet-20241022
2024-11-28 14:24:51,9fd18ebb-6df6-4a5f-838e-650a335883bb,OneShotCoreAgent,creature_battler_03,7,success,,,['new_prompt_logs/999994_286614_OneShotCoreAgent'],ladder/creature_battler_03_7/main_game,https://github.com/volter-ai/volter-monorepo/blob/aca4d025e24dc4421dfa0565bc8054e34ff1b81c/packages/lib-volter-mge2/mge_agents/internal/one_shot_gen/one_shot_core.py,main,mge2_game,,gpt-4o,gpt-4o,gpt-4o-mini,claude-3-5-sonnet-20241022
2024-11-28 14:24:53,458646e7-98cd-4cb6-a440-a37f091094ae,OneShotCoreAgent,creature_battler_04,1,success,,,['new_prompt_logs/999998_189485_OneShotCoreAgent'],ladder/creature_battler_04_1/main_game,https://github.com/volter-ai/volter-monorepo/blob/aca4d025e24dc4421dfa0565bc8054e34ff1b81c/packages/lib-volter-mge2/mge_agents/internal/one_shot_gen/one_shot_core.py,main,mge2_game,,gpt-4o,gpt-4o,gpt-4o-mini,claude-3-5-sonnet-20241022
2024-11-28 14:24:58,72d46721-d9b3-4062-bf66-42d202552b3e,OneShotCoreAgent,creature_battler_03,5,success,,,['new_prompt_logs/999995_122513_OneShotCoreAgent'],ladder/creature_battler_03_5/main_game,https://github.com/volter-ai/volter-monorepo/blob/aca4d025e24dc4421dfa0565bc8054e34ff1b81c/packages/lib-volter-mge2/mge_agents/internal/one_shot_gen/one_shot_core.py,main,mge2_game,,gpt-4o,gpt-4o,gpt-4o-mini,claude-3-5-sonnet-20241022
2024-11-28 14:25:26,ba239866-f18c-4f6a-a7fb-fd855bad0bf9,OneShotCoreAgent,creature_battler_04,2,success,,,['new_prompt_logs/999999_426817_OneShotCoreAgent'],ladder/creature_battler_04_2/main_game,https://github.com/volter-ai/volter-monorepo/blob/aca4d025e24dc4421dfa0565bc8054e34ff1b81c/packages/lib-volter-mge2/mge_agents/internal/one_shot_gen/one_shot_core.py,main,mge2_game,,gpt-4o,gpt-4o,gpt-4o-mini,claude-3-5-sonnet-20241022
2024-11-28 14:25:27,28144b8c-3a61-4a55-a1e9-175dbd2a2ef4,OneShotCoreAgent,creature_battler_03,6,success,,,['new_prompt_logs/999996_462416_OneShotCoreAgent'],ladder/creature_battler_03_6/main_game,https://github.com/volter-ai/volter-monorepo/blob/aca4d025e24dc4421dfa0565bc8054e34ff1b81c/packages/lib-volter-mge2/mge_agents/internal/one_shot_gen/one_shot_core.py,main,mge2_game,,gpt-4o,gpt-4o,gpt-4o-mini,claude-3-5-sonnet-20241022
2024-11-28 14:25:46,11c5a05b-bb34-4c1d-a280-2a54172b78f8,OneShotCoreAgent,creature_battler_04,3,success,,,['new_prompt_logs/999997_681058_OneShotCoreAgent'],ladder/creature_battler_04_3/main_game,https://github.com/volter-ai/volter-monorepo/blob/aca4d025e24dc4421dfa0565bc8054e34ff1b81c/packages/lib-volter-mge2/mge_agents/internal/one_shot_gen/one_shot_core.py,main,mge2_game,,gpt-4o,gpt-4o,gpt-4o-mini,claude-3-5-sonnet-20241022
2024-11-28 14:26:25,116ccf83-edfc-4e08-9ae7-1e4d056456ba,OneShotCoreAgent,creature_battler_04,4,success,,,['new_prompt_logs/999994_286614_OneShotCoreAgent'],ladder/creature_battler_04_4/main_game,https://github.com/volter-ai/volter-monorepo/blob/aca4d025e24dc4421dfa0565bc8054e34ff1b81c/packages/lib-volter-mge2/mge_agents/internal/one_shot_gen/one_shot_core.py,main,mge2_game,,gpt-4o,gpt-4o,gpt-4o-mini,claude-3-5-sonnet-20241022
2024-11-28 14:26:38,45b23054-57d0-453b-9471-62ce2cfae0d0,OneShotCoreAgent,creature_battler_04,5,success,,,['new_prompt_logs/999998_189485_OneShotCoreAgent'],ladder/creature_battler_04_5/main_game,https://github.com/volter-ai/volter-monorepo/blob/aca4d025e24dc4421dfa0565bc8054e34ff1b81c/packages/lib-volter-mge2/mge_agents/internal/one_shot_gen/one_shot_core.py,main,mge2_game,,gpt-4o,gpt-4o,gpt-4o-mini,claude-3-5-sonnet-20241022
2024-11-28 14:26:41,21a9308c-df27-458e-aa71-f71087f631e6,OneShotCoreAgent,creature_battler_04,6,success,,,['new_prompt_logs/999995_122513_OneShotCoreAgent'],ladder/creature_battler_04_6/main_game,https://github.com/volter-ai/volter-monorepo/blob/aca4d025e24dc4421dfa0565bc8054e34ff1b81c/packages/lib-volter-mge2/mge_agents/internal/one_shot_gen/one_shot_core.py,main,mge2_game,,gpt-4o,gpt-4o,gpt-4o-mini,claude-3-5-sonnet-20241022
2024-11-28 14:27:08,d204adca-1f4f-498a-a724-57639c21c084,OneShotCoreAgent,creature_battler_04,7,success,,,['new_prompt_logs/999999_426817_OneShotCoreAgent'],ladder/creature_battler_04_7/main_game,https://github.com/volter-ai/volter-monorepo/blob/aca4d025e24dc4421dfa0565bc8054e34ff1b81c/packages/lib-volter-mge2/mge_agents/internal/one_shot_gen/one_shot_core.py,main,mge2_game,,gpt-4o,gpt-4o,gpt-4o-mini,claude-3-5-sonnet-20241022
2024-11-28 14:28:11,c1fbab62-cf49-422a-9a4d-f780ba98e8ca,OneShotCoreAgent,creature_battler_05,2,success,,,['new_prompt_logs/999997_681058_OneShotCoreAgent'],ladder/creature_battler_05_2/main_game,https://github.com/volter-ai/volter-monorepo/blob/aca4d025e24dc4421dfa0565bc8054e34ff1b81c/packages/lib-volter-mge2/mge_agents/internal/one_shot_gen/one_shot_core.py,main,mge2_game,,gpt-4o,gpt-4o,gpt-4o-mini,claude-3-5-sonnet-20241022
2024-11-28 14:28:33,593c5487-7eac-494e-8156-b5a25b1a2590,OneShotCoreAgent,creature_battler_05,1,success,,,['new_prompt_logs/999996_462416_OneShotCoreAgent'],ladder/creature_battler_05_1/main_game,https://github.com/volter-ai/volter-monorepo/blob/aca4d025e24dc4421dfa0565bc8054e34ff1b81c/packages/lib-volter-mge2/mge_agents/internal/one_shot_gen/one_shot_core.py,main,mge2_game,,gpt-4o,gpt-4o,gpt-4o-mini,claude-3-5-sonnet-20241022
2024-11-28 14:29:19,73375c6c-14e7-4a9e-bf19-b10cb244f635,OneShotCoreAgent,creature_battler_05,6,success,,,['new_prompt_logs/999999_426817_OneShotCoreAgent'],ladder/creature_battler_05_6/main_game,https://github.com/volter-ai/volter-monorepo/blob/aca4d025e24dc4421dfa0565bc8054e34ff1b81c/packages/lib-volter-mge2/mge_agents/internal/one_shot_gen/one_shot_core.py,main,mge2_game,,gpt-4o,gpt-4o,gpt-4o-mini,claude-3-5-sonnet-20241022
2024-11-28 14:29:35,a4ee2247-582c-466e-944e-7af855ce6fc4,OneShotCoreAgent,creature_battler_05,5,failure,"After 5 attempts to debug, could not create a bug-free game. Still have error Pytest failed with exit code 1. Output:
============================= test session starts ==============================
platform linux -- Python 3.11.9, pytest-7.3.1, pluggy-1.5.0
rootdir: [REDACT]/volter-monorepo/packages/lib-volter-mge2
configfile: pytest.ini
plugins: sugar-0.9.7, timeout-2.3.1, html-3.2.0, asyncio-0.23.8, anyio-4.6.2.post1, time-machine-2.16.0, Faker-30.10.0, metadata-3.1.1, cov-4.1.0
asyncio: mode=Mode.STRICT
collected 3 items

main_game/tests/test_main_game_scene.py F                                [ 33%]
main_game/tests/test_main_menu_scene.py .                                [ 66%]
main_game/tests/test_whole_game.py .                                     [100%]

=================================== FAILURES ===================================
__________ TestMainGameSceneRandomRun.test_main_game_scene_random_run __________

self = <tests.test_main_game_scene.TestMainGameSceneRandomRun object at 0x[REDACTED]>
app = <main_game.main.App object at 0x[REDACTED]>

    def test_main_game_scene_random_run(self, app):
        for i in range(10):
            print(f""starting random run iteration {i}"")
            HumanListener.random_mode = True
            HumanListener.random_mode_counter = 30  # Need more moves for battle scene
    
            player = app.create_player(f""player_{i}"")
            main_game_scene = MainGameScene(app, player)
    
            try:
>               main_game_scene.run()

main_game/tests/test_main_game_scene.py:23: 
_ _ _ _ _ _ _ _ _ _ _ _ _ _ _ _ _ _ _ _ _ _ _ _ _ _ _ _ _ _ _ _ _ _ _ _ _ _ _ _ 
main_game/scenes/main_game_scene.py:33: in run
    self._quit_whole_game()  # Properly end the game when battle is over
../../../../mge2/mini_game_engine/engine/lib.py:459: in _quit_whole_game
    self._app.quit_whole_game()
_ _ _ _ _ _ _ _ _ _ _ _ _ _ _ _ _ _ _ _ _ _ _ _ _ _ _ _ _ _ _ _ _ _ _ _ _ _ _ _ 

self = <main_game.main.App object at 0x[REDACTED]>

    def quit_whole_game(self):
        self.terminated = True
>       raise AbstractApp._QuitWholeGame()
E       mini_game_engine.engine.lib.AbstractApp._QuitWholeGame: Game terminated gracefully. If you intended to quit the game, this exception is expected and should be caught

../../../../mge2/mini_game_engine/engine/lib.py:625: _QuitWholeGame
----------------------------- Captured stdout call -----------------------------
starting random run iteration 0
Bubwool used Tackle!
BotListener:on_show_event:show_text: {'text': 'It dealt 9 damage!'}
BotListener:on_show_event:show_text: {'text': 'Dumbird used Tackle!'}
It dealt 4 damage!
Bubwool used Tackle!
BotListener:on_show_event:show_text: {'text': 'It dealt 9 damage!'}
BotListener:on_show_event:show_text: {'text': 'Dumbird was knocked out! Choose a new creature!'}
Dumbird used Tackle!
BotListener:on_show_event:show_text: {'text': 'It dealt 1 damage!'}
BotListener:on_show_event:show_text: {'text': 'Scizard used Tackle!'}
It dealt 9 damage!
Dumbird used Tackle!
BotListener:on_show_event:show_text: {'text': 'It dealt 1 damage!'}
BotListener:on_show_event:show_text: {'text': 'Scizard used Fireball!'}
It dealt 13 damage!
Dumbird was knocked out! Choose a new creature!
BotListener:on_show_event:show_text: {'text': 'Scizard used Tackle!'}
It dealt 8 damage!
Bubwool used Lick!
BotListener:on_show_event:show_text: {'text': 'It dealt 6 damage!'}
BotListener:on_show_event:show_text: {'text': 'Scizard used Tackle!'}
It dealt 8 damage!
Bubwool used Lick!
BotListener:on_show_event:show_text: {'text': 'It dealt 6 damage!'}
BotListener:on_show_event:show_text: {'text': 'Scizard used Tackle!'}
It dealt 8 damage!
Bubwool used Tackle!
BotListener:on_show_event:show_text: {'text': 'It dealt 5 damage!'}
BotListener:on_show_event:show_text: {'text': 'Scizard used Fireball!'}
It dealt 2 damage!
Bubwool used Tackle!
BotListener:on_show_event:show_text: {'text': 'It dealt 5 damage!'}
BotListener:on_show_event:show_text: {'text': 'Scizard used Tackle!'}
It dealt 8 damage!
You lost the battle!
=========================== short test summary info ============================
FAILED main_game/tests/test_main_game_scene.py::TestMainGameSceneRandomRun::test_main_game_scene_random_run - mini_game_engine.engine.lib.AbstractApp._QuitWholeGame: Game terminated gracefully. If you intended to quit the game, this exception is expected and should be caught
========================= 1 failed, 2 passed in [REDACTED]s ==========================
PYTEST_EXIT_CODE: 1
","Traceback (most recent call last):
  File ""/home/runner/_work/volter-monorepo/volter-monorepo/volter-monorepo/packages/lib-volter-mge2/mge_agents/internal/one_shot_gen/one_shot_core.py"", line 72, in execute
    await self.sdk.execute_as_task(PytestRunnerAgent, verbose=False)
  File ""/home/runner/_work/volter-monorepo/volter-monorepo/volter-monorepo/packages/volter-common/common/sdk/SDK.py"", line 254, in execute_as_task
    response = await agent.execute()
               ^^^^^^^^^^^^^^^^^^^^^
  File ""/home/runner/_work/volter-monorepo/volter-monorepo/volter-monorepo/packages/lib-volter-mge2/mge_agents/internal/game/pytest_runner_agent/logic.py"", line 30, in execute
    output = run_pytest(test_file_path, project_root=self.sdk.project_directory, verbose=self.verbose)
             ^^^^^^^^^^^^^^^^^^^^^^^^^^^^^^^^^^^^^^^^^^^^^^^^^^^^^^^^^^^^^^^^^^^^^^^^^^^^^^^^^^^^^^^^^
  File ""/home/runner/_work/volter-monorepo/volter-monorepo/volter-monorepo/packages/lib-std-agents/agent_lib/random_run_utils.py"", line 141, in run_pytest
    raise AssertionError(f""Pytest failed with exit code {exit_code}. Output:\n{output}"")
AssertionError: Pytest failed with exit code 1. Output:
============================= test session starts ==============================
platform linux -- Python 3.11.9, pytest-7.3.1, pluggy-1.5.0
rootdir: [REDACT]/volter-monorepo/packages/lib-volter-mge2
configfile: pytest.ini
plugins: sugar-0.9.7, timeout-2.3.1, html-3.2.0, asyncio-0.23.8, anyio-4.6.2.post1, time-machine-2.16.0, Faker-30.10.0, metadata-3.1.1, cov-4.1.0
asyncio: mode=Mode.STRICT
collected 3 items

main_game/tests/test_main_game_scene.py F                                [ 33%]
main_game/tests/test_main_menu_scene.py .                                [ 66%]
main_game/tests/test_whole_game.py .                                     [100%]

=================================== FAILURES ===================================
__________ TestMainGameSceneRandomRun.test_main_game_scene_random_run __________

self = <tests.test_main_game_scene.TestMainGameSceneRandomRun object at 0x[REDACTED]>
app = <main_game.main.App object at 0x[REDACTED]>

    def test_main_game_scene_random_run(self, app):
        for i in range(10):
            print(f""starting random run iteration {i}"")
            HumanListener.random_mode = True
            HumanListener.random_mode_counter = 30  # Need more moves for battle scene
    
            player = app.create_player(f""player_{i}"")
            main_game_scene = MainGameScene(app, player)
    
            try:
>               main_game_scene.run()

main_game/tests/test_main_game_scene.py:23: 
_ _ _ _ _ _ _ _ _ _ _ _ _ _ _ _ _ _ _ _ _ _ _ _ _ _ _ _ _ _ _ _ _ _ _ _ _ _ _ _ 
main_game/scenes/main_game_scene.py:33: in run
    self._quit_whole_game()  # Properly end the game when battle is over
../../../../mge2/mini_game_engine/engine/lib.py:459: in _quit_whole_game
    self._app.quit_whole_game()
_ _ _ _ _ _ _ _ _ _ _ _ _ _ _ _ _ _ _ _ _ _ _ _ _ _ _ _ _ _ _ _ _ _ _ _ _ _ _ _ 

self = <main_game.main.App object at 0x[REDACTED]>

    def quit_whole_game(self):
        self.terminated = True
>       raise AbstractApp._QuitWholeGame()
E       mini_game_engine.engine.lib.AbstractApp._QuitWholeGame: Game terminated gracefully. If you intended to quit the game, this exception is expected and should be caught

../../../../mge2/mini_game_engine/engine/lib.py:625: _QuitWholeGame
----------------------------- Captured stdout call -----------------------------
starting random run iteration 0
Bubwool used Tackle!
BotListener:on_show_event:show_text: {'text': 'It dealt 9 damage!'}
BotListener:on_show_event:show_text: {'text': 'Dumbird used Tackle!'}
It dealt 4 damage!
Bubwool used Tackle!
BotListener:on_show_event:show_text: {'text': 'It dealt 9 damage!'}
BotListener:on_show_event:show_text: {'text': 'Dumbird was knocked out! Choose a new creature!'}
Dumbird used Tackle!
BotListener:on_show_event:show_text: {'text': 'It dealt 1 damage!'}
BotListener:on_show_event:show_text: {'text': 'Scizard used Tackle!'}
It dealt 9 damage!
Dumbird used Tackle!
BotListener:on_show_event:show_text: {'text': 'It dealt 1 damage!'}
BotListener:on_show_event:show_text: {'text': 'Scizard used Fireball!'}
It dealt 13 damage!
Dumbird was knocked out! Choose a new creature!
BotListener:on_show_event:show_text: {'text': 'Scizard used Tackle!'}
It dealt 8 damage!
Bubwool used Lick!
BotListener:on_show_event:show_text: {'text': 'It dealt 6 damage!'}
BotListener:on_show_event:show_text: {'text': 'Scizard used Tackle!'}
It dealt 8 damage!
Bubwool used Lick!
BotListener:on_show_event:show_text: {'text': 'It dealt 6 damage!'}
BotListener:on_show_event:show_text: {'text': 'Scizard used Tackle!'}
It dealt 8 damage!
Bubwool used Tackle!
BotListener:on_show_event:show_text: {'text': 'It dealt 5 damage!'}
BotListener:on_show_event:show_text: {'text': 'Scizard used Fireball!'}
It dealt 2 damage!
Bubwool used Tackle!
BotListener:on_show_event:show_text: {'text': 'It dealt 5 damage!'}
BotListener:on_show_event:show_text: {'text': 'Scizard used Tackle!'}
It dealt 8 damage!
You lost the battle!
=========================== short test summary info ============================
FAILED main_game/tests/test_main_game_scene.py::TestMainGameSceneRandomRun::test_main_game_scene_random_run - mini_game_engine.engine.lib.AbstractApp._QuitWholeGame: Game terminated gracefully. If you intended to quit the game, this exception is expected and should be caught
========================= 1 failed, 2 passed in [REDACTED]s ==========================
PYTEST_EXIT_CODE: 1


During handling of the above exception, another exception occurred:

Traceback (most recent call last):
  File ""/home/runner/_work/volter-monorepo/volter-monorepo/volter-monorepo/packages/lib-volter-mge2/mge_bench/bench_utils.py"", line 93, in execute_agent
    asyncio.run(agent.execute())
  File ""/opt/hostedtoolcache/Python/3.11.9/x64/lib/python3.11/asyncio/runners.py"", line 190, in run
    return runner.run(main)
           ^^^^^^^^^^^^^^^^
  File ""/opt/hostedtoolcache/Python/3.11.9/x64/lib/python3.11/asyncio/runners.py"", line 118, in run
    return self._loop.run_until_complete(task)
           ^^^^^^^^^^^^^^^^^^^^^^^^^^^^^^^^^^^
  File ""/opt/hostedtoolcache/Python/3.11.9/x64/lib/python3.11/asyncio/base_events.py"", line 654, in run_until_complete
    return future.result()
           ^^^^^^^^^^^^^^^
  File ""/home/runner/_work/volter-monorepo/volter-monorepo/volter-monorepo/packages/lib-volter-mge2/mge_agents/internal/one_shot_gen/one_shot_core.py"", line 79, in execute
    raise FixableException(
common.exceptions.FixableException: After 5 attempts to debug, could not create a bug-free game. Still have error Pytest failed with exit code 1. Output:
============================= test session starts ==============================
platform linux -- Python 3.11.9, pytest-7.3.1, pluggy-1.5.0
rootdir: [REDACT]/volter-monorepo/packages/lib-volter-mge2
configfile: pytest.ini
plugins: sugar-0.9.7, timeout-2.3.1, html-3.2.0, asyncio-0.23.8, anyio-4.6.2.post1, time-machine-2.16.0, Faker-30.10.0, metadata-3.1.1, cov-4.1.0
asyncio: mode=Mode.STRICT
collected 3 items

main_game/tests/test_main_game_scene.py F                                [ 33%]
main_game/tests/test_main_menu_scene.py .                                [ 66%]
main_game/tests/test_whole_game.py .                                     [100%]

=================================== FAILURES ===================================
__________ TestMainGameSceneRandomRun.test_main_game_scene_random_run __________

self = <tests.test_main_game_scene.TestMainGameSceneRandomRun object at 0x[REDACTED]>
app = <main_game.main.App object at 0x[REDACTED]>

    def test_main_game_scene_random_run(self, app):
        for i in range(10):
            print(f""starting random run iteration {i}"")
            HumanListener.random_mode = True
            HumanListener.random_mode_counter = 30  # Need more moves for battle scene
    
            player = app.create_player(f""player_{i}"")
            main_game_scene = MainGameScene(app, player)
    
            try:
>               main_game_scene.run()

main_game/tests/test_main_game_scene.py:23: 
_ _ _ _ _ _ _ _ _ _ _ _ _ _ _ _ _ _ _ _ _ _ _ _ _ _ _ _ _ _ _ _ _ _ _ _ _ _ _ _ 
main_game/scenes/main_game_scene.py:33: in run
    self._quit_whole_game()  # Properly end the game when battle is over
../../../../mge2/mini_game_engine/engine/lib.py:459: in _quit_whole_game
    self._app.quit_whole_game()
_ _ _ _ _ _ _ _ _ _ _ _ _ _ _ _ _ _ _ _ _ _ _ _ _ _ _ _ _ _ _ _ _ _ _ _ _ _ _ _ 

self = <main_game.main.App object at 0x[REDACTED]>

    def quit_whole_game(self):
        self.terminated = True
>       raise AbstractApp._QuitWholeGame()
E       mini_game_engine.engine.lib.AbstractApp._QuitWholeGame: Game terminated gracefully. If you intended to quit the game, this exception is expected and should be caught

../../../../mge2/mini_game_engine/engine/lib.py:625: _QuitWholeGame
----------------------------- Captured stdout call -----------------------------
starting random run iteration 0
Bubwool used Tackle!
BotListener:on_show_event:show_text: {'text': 'It dealt 9 damage!'}
BotListener:on_show_event:show_text: {'text': 'Dumbird used Tackle!'}
It dealt 4 damage!
Bubwool used Tackle!
BotListener:on_show_event:show_text: {'text': 'It dealt 9 damage!'}
BotListener:on_show_event:show_text: {'text': 'Dumbird was knocked out! Choose a new creature!'}
Dumbird used Tackle!
BotListener:on_show_event:show_text: {'text': 'It dealt 1 damage!'}
BotListener:on_show_event:show_text: {'text': 'Scizard used Tackle!'}
It dealt 9 damage!
Dumbird used Tackle!
BotListener:on_show_event:show_text: {'text': 'It dealt 1 damage!'}
BotListener:on_show_event:show_text: {'text': 'Scizard used Fireball!'}
It dealt 13 damage!
Dumbird was knocked out! Choose a new creature!
BotListener:on_show_event:show_text: {'text': 'Scizard used Tackle!'}
It dealt 8 damage!
Bubwool used Lick!
BotListener:on_show_event:show_text: {'text': 'It dealt 6 damage!'}
BotListener:on_show_event:show_text: {'text': 'Scizard used Tackle!'}
It dealt 8 damage!
Bubwool used Lick!
BotListener:on_show_event:show_text: {'text': 'It dealt 6 damage!'}
BotListener:on_show_event:show_text: {'text': 'Scizard used Tackle!'}
It dealt 8 damage!
Bubwool used Tackle!
BotListener:on_show_event:show_text: {'text': 'It dealt 5 damage!'}
BotListener:on_show_event:show_text: {'text': 'Scizard used Fireball!'}
It dealt 2 damage!
Bubwool used Tackle!
BotListener:on_show_event:show_text: {'text': 'It dealt 5 damage!'}
BotListener:on_show_event:show_text: {'text': 'Scizard used Tackle!'}
It dealt 8 damage!
You lost the battle!
=========================== short test summary info ============================
FAILED main_game/tests/test_main_game_scene.py::TestMainGameSceneRandomRun::test_main_game_scene_random_run - mini_game_engine.engine.lib.AbstractApp._QuitWholeGame: Game terminated gracefully. If you intended to quit the game, this exception is expected and should be caught
========================= 1 failed, 2 passed in [REDACTED]s ==========================
PYTEST_EXIT_CODE: 1

",['new_prompt_logs/999995_122513_OneShotCoreAgent'],ladder/creature_battler_05_5/main_game,https://github.com/volter-ai/volter-monorepo/blob/aca4d025e24dc4421dfa0565bc8054e34ff1b81c/packages/lib-volter-mge2/mge_agents/internal/one_shot_gen/one_shot_core.py,main,mge2_game,,gpt-4o,gpt-4o,gpt-4o-mini,claude-3-5-sonnet-20241022
2024-11-28 14:30:13,4525cd1a-a66f-4dd2-b1f7-58e1d89da8de,OneShotCoreAgent,creature_battler_05,4,success,,,['new_prompt_logs/999998_189485_OneShotCoreAgent'],ladder/creature_battler_05_4/main_game,https://github.com/volter-ai/volter-monorepo/blob/aca4d025e24dc4421dfa0565bc8054e34ff1b81c/packages/lib-volter-mge2/mge_agents/internal/one_shot_gen/one_shot_core.py,main,mge2_game,,gpt-4o,gpt-4o,gpt-4o-mini,claude-3-5-sonnet-20241022
2024-11-28 14:31:18,a1da94ac-783b-42f5-a387-468658674732,OneShotCoreAgent,creature_battler_05,7,success,,,['new_prompt_logs/999997_681058_OneShotCoreAgent'],ladder/creature_battler_05_7/main_game,https://github.com/volter-ai/volter-monorepo/blob/aca4d025e24dc4421dfa0565bc8054e34ff1b81c/packages/lib-volter-mge2/mge_agents/internal/one_shot_gen/one_shot_core.py,main,mge2_game,,gpt-4o,gpt-4o,gpt-4o-mini,claude-3-5-sonnet-20241022
2024-11-28 14:31:20,45dd33af-04ae-4ab9-a6fb-3a386c8a2454,OneShotCoreAgent,creature_battler_05,3,success,,,['new_prompt_logs/999994_286614_OneShotCoreAgent'],ladder/creature_battler_05_3/main_game,https://github.com/volter-ai/volter-monorepo/blob/aca4d025e24dc4421dfa0565bc8054e34ff1b81c/packages/lib-volter-mge2/mge_agents/internal/one_shot_gen/one_shot_core.py,main,mge2_game,,gpt-4o,gpt-4o,gpt-4o-mini,claude-3-5-sonnet-20241022
