timestamp,run_id,agent_id,ladder,run,status,error,traceback
2024-09-15 16:15:49,1e13e2b1-aa95-bd4b-1531-bb18a177190f,OneShotView,rps,1,success,,
2024-09-15 16:16:28,d0a5e0ed-5f7c-93dd-83b0-52a2e7c92918,OneShotView,rps,2,success,,
2024-09-15 16:17:02,09a7f883-802f-dc5b-5eef-00e9c385a160,OneShotView,rps,3,success,,
2024-09-15 16:17:29,71da6a5b-4e45-9cb9-a948-f901d03c1885,OneShotView,creature_battle_01,1,success,,
2024-09-15 16:17:55,ba82f68b-c796-2198-6ba0-b55c826d1327,OneShotView,creature_battle_01,2,success,,
2024-09-15 16:18:24,9d729441-dc91-8abc-2ab8-6d0aaece000a,OneShotView,creature_battle_01,3,success,,
2024-09-15 16:19:47,3f5b0b29-66b3-ebc1-9c27-e84dcc0e249b,OneShotView,creature_battle_05,1,failure,Cannot extract a fixable error from exception:,"Traceback (most recent call last):
  File ""/Users/yueranyuan/volter/volter-monorepo/packages/lib-volter-mge2/mge_agents/one_shot_gen/one_shot_view_qa.py"", line 145, in _run
    assert not data.get('errors')
AssertionError

The above exception was the direct cause of the following exception:

Traceback (most recent call last):
  File ""/Users/yueranyuan/volter/volter-monorepo/packages/lib-volter-mge2/mge_agents/one_shot_gen/one_shot_view_qa.py"", line 54, in execute
    await self._run()
  File ""/Users/yueranyuan/volter/volter-monorepo/packages/lib-volter-mge2/mge_agents/one_shot_gen/one_shot_view_qa.py"", line 155, in _run
    raise Exception(wrapped_e) from e
Exception: UI simulator appears to have failed: 

Error in main process: Error: Timeout after 60s
at Timeout._onTimeout (/Users/yueranyuan/volter/volter-monorepo/packages/lib-volter-mge2/mge_agents/agent_tools/ui_simulator/ui-simulator.js:209:24)
at listOnTimeout (node:internal/timers:573:17)
at process.processTimers (node:internal/timers:514:7)

The above exception was the direct cause of the following exception:

Traceback (most recent call last):
  File ""/Users/yueranyuan/volter/volter-monorepo/packages/lib-volter-mge2/mge_bench/bench_utils.py"", line 19, in execute_agent
    asyncio.run(agent.execute())
  File ""/Library/Frameworks/Python.framework/Versions/3.11/lib/python3.11/asyncio/runners.py"", line 190, in run
    return runner.run(main)
           ^^^^^^^^^^^^^^^^
  File ""/Library/Frameworks/Python.framework/Versions/3.11/lib/python3.11/asyncio/runners.py"", line 118, in run
    return self._loop.run_until_complete(task)
           ^^^^^^^^^^^^^^^^^^^^^^^^^^^^^^^^^^^
  File ""/Library/Frameworks/Python.framework/Versions/3.11/lib/python3.11/asyncio/base_events.py"", line 653, in run_until_complete
    return future.result()
           ^^^^^^^^^^^^^^^
  File ""/Users/yueranyuan/volter/volter-monorepo/packages/lib-volter-mge2/mge_agents/one_shot_gen/one_shot_view.py"", line 79, in execute
    await OneShotViewQAAgent(sdk=self.sdk, run_number=3, verbose=False).execute()
  File ""/Users/yueranyuan/volter/volter-monorepo/packages/lib-volter-mge2/mge_agents/one_shot_gen/one_shot_view_qa.py"", line 62, in execute
    await ViewFixerAgent(
  File ""/Users/yueranyuan/volter/volter-monorepo/packages/lib-volter-mge2/mge_agents/view/view_fixer.py"", line 47, in execute
    raise Exception(f""Cannot extract a fixable error from exception:"") from self.exception
Exception: Cannot extract a fixable error from exception:
"
2024-09-15 16:21:10,88150741-a230-597a-a317-91a08bdf93df,OneShotView,creature_battle_05,2,failure,Cannot extract a fixable error from exception:,"Traceback (most recent call last):
  File ""/Users/yueranyuan/volter/volter-monorepo/packages/lib-volter-mge2/mge_agents/one_shot_gen/one_shot_view_qa.py"", line 145, in _run
    assert not data.get('errors')
AssertionError

The above exception was the direct cause of the following exception:

Traceback (most recent call last):
  File ""/Users/yueranyuan/volter/volter-monorepo/packages/lib-volter-mge2/mge_agents/one_shot_gen/one_shot_view_qa.py"", line 54, in execute
    await self._run()
  File ""/Users/yueranyuan/volter/volter-monorepo/packages/lib-volter-mge2/mge_agents/one_shot_gen/one_shot_view_qa.py"", line 155, in _run
    raise Exception(wrapped_e) from e
Exception: UI simulator appears to have failed: 

Error in main process: Error: Timeout after 60s
at Timeout._onTimeout (/Users/yueranyuan/volter/volter-monorepo/packages/lib-volter-mge2/mge_agents/agent_tools/ui_simulator/ui-simulator.js:209:24)
at listOnTimeout (node:internal/timers:573:17)
at process.processTimers (node:internal/timers:514:7)

The above exception was the direct cause of the following exception:

Traceback (most recent call last):
  File ""/Users/yueranyuan/volter/volter-monorepo/packages/lib-volter-mge2/mge_bench/bench_utils.py"", line 19, in execute_agent
    asyncio.run(agent.execute())
  File ""/Library/Frameworks/Python.framework/Versions/3.11/lib/python3.11/asyncio/runners.py"", line 190, in run
    return runner.run(main)
           ^^^^^^^^^^^^^^^^
  File ""/Library/Frameworks/Python.framework/Versions/3.11/lib/python3.11/asyncio/runners.py"", line 118, in run
    return self._loop.run_until_complete(task)
           ^^^^^^^^^^^^^^^^^^^^^^^^^^^^^^^^^^^
  File ""/Library/Frameworks/Python.framework/Versions/3.11/lib/python3.11/asyncio/base_events.py"", line 653, in run_until_complete
    return future.result()
           ^^^^^^^^^^^^^^^
  File ""/Users/yueranyuan/volter/volter-monorepo/packages/lib-volter-mge2/mge_agents/one_shot_gen/one_shot_view.py"", line 79, in execute
    await OneShotViewQAAgent(sdk=self.sdk, run_number=3, verbose=False).execute()
  File ""/Users/yueranyuan/volter/volter-monorepo/packages/lib-volter-mge2/mge_agents/one_shot_gen/one_shot_view_qa.py"", line 62, in execute
    await ViewFixerAgent(
  File ""/Users/yueranyuan/volter/volter-monorepo/packages/lib-volter-mge2/mge_agents/view/view_fixer.py"", line 47, in execute
    raise Exception(f""Cannot extract a fixable error from exception:"") from self.exception
Exception: Cannot extract a fixable error from exception:
"
2024-09-15 16:22:29,5b700f0f-f294-af3b-1f20-590c58e23356,OneShotView,creature_battle_05,3,failure,Cannot extract a fixable error from exception:,"Traceback (most recent call last):
  File ""/Users/yueranyuan/volter/volter-monorepo/packages/lib-volter-mge2/mge_agents/one_shot_gen/one_shot_view_qa.py"", line 145, in _run
    assert not data.get('errors')
AssertionError

The above exception was the direct cause of the following exception:

Traceback (most recent call last):
  File ""/Users/yueranyuan/volter/volter-monorepo/packages/lib-volter-mge2/mge_agents/one_shot_gen/one_shot_view_qa.py"", line 54, in execute
    await self._run()
  File ""/Users/yueranyuan/volter/volter-monorepo/packages/lib-volter-mge2/mge_agents/one_shot_gen/one_shot_view_qa.py"", line 155, in _run
    raise Exception(wrapped_e) from e
Exception: UI simulator appears to have failed: 

Error in main process: Error: Timeout after 60s
at Timeout._onTimeout (/Users/yueranyuan/volter/volter-monorepo/packages/lib-volter-mge2/mge_agents/agent_tools/ui_simulator/ui-simulator.js:209:24)
at listOnTimeout (node:internal/timers:573:17)
at process.processTimers (node:internal/timers:514:7)

The above exception was the direct cause of the following exception:

Traceback (most recent call last):
  File ""/Users/yueranyuan/volter/volter-monorepo/packages/lib-volter-mge2/mge_bench/bench_utils.py"", line 19, in execute_agent
    asyncio.run(agent.execute())
  File ""/Library/Frameworks/Python.framework/Versions/3.11/lib/python3.11/asyncio/runners.py"", line 190, in run
    return runner.run(main)
           ^^^^^^^^^^^^^^^^
  File ""/Library/Frameworks/Python.framework/Versions/3.11/lib/python3.11/asyncio/runners.py"", line 118, in run
    return self._loop.run_until_complete(task)
           ^^^^^^^^^^^^^^^^^^^^^^^^^^^^^^^^^^^
  File ""/Library/Frameworks/Python.framework/Versions/3.11/lib/python3.11/asyncio/base_events.py"", line 653, in run_until_complete
    return future.result()
           ^^^^^^^^^^^^^^^
  File ""/Users/yueranyuan/volter/volter-monorepo/packages/lib-volter-mge2/mge_agents/one_shot_gen/one_shot_view.py"", line 79, in execute
    await OneShotViewQAAgent(sdk=self.sdk, run_number=3, verbose=False).execute()
  File ""/Users/yueranyuan/volter/volter-monorepo/packages/lib-volter-mge2/mge_agents/one_shot_gen/one_shot_view_qa.py"", line 62, in execute
    await ViewFixerAgent(
  File ""/Users/yueranyuan/volter/volter-monorepo/packages/lib-volter-mge2/mge_agents/view/view_fixer.py"", line 47, in execute
    raise Exception(f""Cannot extract a fixable error from exception:"") from self.exception
Exception: Cannot extract a fixable error from exception:
"
